ID,Year,State,Count_All,Count_Good,Count_Fair,Count_Poor,Area_All,Area_Good,Area_Fair,Area_Poor
1,2009,Alabama,15959,7637,7384,934,9176079,3991613,4892783,290431
2,2009,Alaska,1151,518,496,135,657173,284249,314174,58564
3,2009,Arizona,7494,5274,2030,189,4685761,2826369,1697404,161735
4,2009,Arkansas,12560,7113,4809,638,5927762,3211634,2353584,362545
5,2009,California,24463,10275,10833,3258,27743006,8596833,13556904,5550592
6,2009,Colorado,8476,4454,3487,517,4592276,2593738,1688843,307037
7,2009,Connecticut,4186,1534,2272,380,3264103,860506,1994123,409474
8,2009,Delaware,862,349,476,37,936030,372198,486033,77799
9,2009,Dist. Of Col.,246,70,153,23,529850,71631,391332,66887
10,2009,Florida,11803,8382,3127,291,15552236,11013253,4084364,453320
11,2009,Georgia,14710,7456,6521,731,8782739,4964413,3534960,282910
12,2009,Hawaii,1133,389,659,85,1321814,376003,920392,25420
13,2009,Idaho,4100,1282,2471,338,1582099,369709,1067786,143984
14,2009,Illinois,26263,15625,8323,2293,12517414,5795465,5575381,1129030
15,2009,Indiana,18546,8233,8515,1795,7656118,3495217,3412462,747901
16,2009,Iowa,24799,10040,9876,4871,7885297,3637068,3228054,1017839
17,2009,Kansas,25546,14045,9419,2069,7968545,5412510,2144056,398760
18,2009,Kentucky,13731,6020,6448,1233,5496296,2468417,2511996,486454
19,2009,Louisiana,13328,7092,4760,1467,15202451,7582498,6375988,1241625
20,2009,Maine,2394,796,1237,361,1200744,470771,579907,150066
21,2009,Maryland,5184,1843,2974,353,4796454,1254692,3262880,197873
22,2009,Massachusetts,5038,1554,2905,577,3745746,839116,2300665,605777
23,2009,Michigan,10906,4479,4892,1533,6151207,2095730,3199280,855873
24,2009,Minnesota,13131,8166,3807,1155,6117722,3578003,2203464,333503
25,2009,Mississippi,17038,11273,3746,2016,8354986,6206347,1678010,470239
26,2009,Missouri,24156,11618,10181,2357,9890791,4722960,4218885,948945
27,2009,Montana,4986,2138,2565,259,1915336,794176,1055055,63353
28,2009,Nebraska,15436,8095,5310,2011,3839256,2386219,1148724,302748
29,2009,Nevada,1749,1099,611,39,1338420,796480,523650,18290
30,2009,New Hampshire,2403,1236,921,246,1083163,596452,382063,104648
31,2009,New Jersey,6486,2104,3722,660,6552169,1853492,4063592,635085
32,2009,New Mexico,3890,1379,2146,364,1629462,633702,840922,154780
33,2009,New York,17372,6567,8647,2154,12622307,3556245,7425790,1639092
34,2009,North Carolina,18007,7402,8614,1981,8396170,3446905,3974578,971638
35,2009,North Dakota,4437,2387,1536,513,1187889,720338,381671,85880
36,2009,Ohio,28120,13371,11926,2750,13030929,5217516,6731005,1021989
37,2009,Oklahoma,23716,9421,10133,4148,8134618,3495187,3464446,1162256
38,2009,Oregon,7215,3104,3659,447,4723073,1523978,2852857,345757
39,2009,Pennsylvania,22293,5142,11002,6120,12335465,2880288,6865493,2560841
40,2009,Rhode Island,739,104,472,162,729973,50670,482160,196782
41,2009,South Carolina,9253,4477,3695,1081,6438262,3406040,2477196,555026
42,2009,South Dakota,5920,1871,2966,1083,1674445,446886,1033864,193695
43,2009,Tennessee,19939,9751,9015,1156,9070095,4151851,4391690,525552
44,2009,Texas,51146,27760,22128,1248,40430119,21663766,17940874,822296
45,2009,Utah,2905,1728,1025,149,1775647,1086930,621714,66803
46,2009,Vermont,2707,1102,1240,365,832802,337149,371816,123837
47,2009,Virginia,13530,4939,7454,1134,8891028,3274945,5099981,508785
48,2009,Washington,7662,3846,3418,387,6746520,2290474,3875218,571793
49,2009,West Virginia,7044,3287,2743,1013,3369435,1305442,1734876,329068
50,2009,Wisconsin,13917,7456,5343,1107,6238795,3023560,2875183,338383
51,2009,Wyoming,3054,760,1876,382,1225167,211658,848839,162484
52,2009,Puerto Rico,2181,497,1462,222,1963578,578717,1218052,166809
53,2009,Totals,603310,286540,255430,60817,347908822,156820005,160355021,30402251
1,2010,Alabama,16018,7599,7506,912,9168322,3963495,4921237,283382
2,2010,Alaska,1134,481,510,141,655959,258350,328711,68712
3,2010,Arizona,7579,5129,2240,208,4812023,2695116,1956524,160130
4,2010,Arkansas,12587,7069,4876,642,5969446,3162825,2341452,465169
5,2010,California,24558,10346,11047,3125,27650791,8531261,13666027,5369105
6,2010,Colorado,8506,4394,3601,510,4658326,2625365,1726715,306246
7,2010,Connecticut,4191,1485,2319,387,3274521,841662,1951027,481832
8,2010,Delaware,861,320,491,50,937047,357174,513817,66056
9,2010,Dist. Of Col.,244,52,161,31,528165,44110,376194,107861
10,2010,Florida,11912,8582,3054,275,15822110,11273893,3993732,553320
11,2010,Georgia,14670,7413,6523,733,8843328,5026603,3532422,284303
12,2010,Hawaii,1137,380,679,78,1323345,378464,919875,25006
13,2010,Idaho,4132,1218,2570,343,1591911,355292,1107233,129350
14,2010,Illinois,26337,15653,8485,2173,12610043,5833628,5459507,1288009
15,2010,Indiana,18548,8101,8604,1843,7703793,3360876,3563632,779285
16,2010,Iowa,24731,9749,10048,4922,7927386,3608228,3349718,967172
17,2010,Kansas,25329,14079,9335,1904,7946923,5449483,2176682,319556
18,2010,Kentucky,13849,5959,6713,1175,5642799,2525642,2720636,395815
19,2010,Louisiana,13361,7186,4658,1494,15402027,8042233,6065414,1243314
20,2010,Maine,2393,781,1239,373,1206011,469560,560467,175984
21,2010,Maryland,5195,1808,3020,353,4786394,1228390,3168765,314259
22,2010,Massachusetts,5113,1593,2970,545,3988132,1004355,2326405,656830
23,2010,Michigan,10928,4562,4874,1487,6176132,2139738,3277385,758369
24,2010,Minnesota,13108,8137,3868,1101,6102963,3582032,2220952,297226
25,2010,Mississippi,17065,11439,3747,1879,8523994,6244237,1794347,485411
26,2010,Missouri,24245,11812,10115,2317,10068706,4862107,4224450,982062
27,2010,Montana,5119,2061,2802,256,1940070,727342,1112697,100031
28,2010,Nebraska,15376,8194,5280,1881,3841122,2411087,1151337,277343
29,2010,Nevada,1753,1119,599,35,1370582,839740,513866,16977
30,2010,New Hampshire,2409,1250,909,250,1053001,575145,365671,112184
31,2010,New Jersey,6520,2087,3789,642,6581560,1823390,4157902,599895
32,2010,New Mexico,3903,1400,2186,316,1652073,643755,880693,127626
33,2010,New York,17365,6570,8690,2100,12639165,3601218,7203466,1832908
34,2010,North Carolina,18099,7352,8822,1918,8543213,3559897,4069477,910730
35,2010,North Dakota,4418,2349,1548,521,1192081,717770,406147,68163
36,2010,Ohio,28033,13201,12075,2687,13202920,5311511,6767455,1064129
37,2010,Oklahoma,23692,9455,10042,4189,8216524,3656273,3394659,1164705
38,2010,Oregon,7255,3042,3779,433,4769987,1516817,2931709,321120
39,2010,Pennsylvania,22362,5272,11071,5957,12369020,2935706,7018406,2378586
40,2010,Rhode Island,757,127,466,163,786550,121091,464385,198841
41,2010,South Carolina,9252,4427,3763,1062,6564306,3348569,2663389,552348
42,2010,South Dakota,5891,1872,2959,1060,1659360,420350,1059562,179448
43,2010,Tennessee,19892,9740,9014,1136,9174014,4117516,4502871,553410
44,2010,Texas,51454,27789,22479,1179,41188845,22203255,18200018,784724
45,2010,Utah,2911,1745,1049,117,1806777,1123576,637098,46103
46,2010,Vermont,2712,1208,1250,254,836168,367389,374974,93806
47,2010,Virginia,13522,4822,7533,1165,9043518,3267079,5178426,515229
48,2010,Washington,7755,3929,3448,374,6783644,2395084,3781596,606550
49,2010,West Virginia,7069,3337,2755,976,3388158,1317148,1747045,323915
50,2010,Wisconsin,13982,7587,5336,1037,6334416,3137170,2854802,327230
51,2010,Wyoming,3060,778,1892,377,1230868,210158,851980,168140
52,2010,Puerto Rico,2201,494,1488,219,1981711,551986,1272993,156732
53,2010,Totals,604493,286534,258277,59305,351470253,158764140,161805951,30444638
1,2011,Alabama,16061,7435,7738,887,8951183,3766050,4914047,270877
2,2011,Alaska,1156,509,513,132,658466,267632,322479,68168
3,2011,Arizona,7739,5151,2352,236,4880618,2514129,2175993,190496
4,2011,Arkansas,12641,7061,4962,617,6104343,3297850,2403481,396885
5,2011,California,24609,10446,11240,2921,27856257,9033103,13889902,4877973
6,2011,Colorado,8551,4319,3713,519,4728436,2619311,1801289,307836
7,2011,Connecticut,4200,1437,2376,387,3278853,741293,2020785,516775
8,2011,Delaware,857,314,493,50,886595,244747,582541,59308
9,2011,Dist. Of Col.,245,39,173,33,548534,34640,381128,132767
10,2011,Florida,11986,8584,3137,263,15947295,11264520,4189791,491662
11,2011,Georgia,14694,7377,6616,701,8983388,5057301,3643772,282314
12,2011,Hawaii,1132,354,705,73,1309322,348396,939298,21627
13,2011,Idaho,4164,1161,2662,341,1617191,343370,1151144,122678
14,2011,Illinois,26436,15293,8899,2236,12700113,5752488,5692560,1252546
15,2011,Indiana,18640,7908,8802,1929,7602822,3247531,3579241,775946
16,2011,Iowa,24537,9566,9982,4962,7918241,3565702,3398752,950474
17,2011,Kansas,25233,14161,9211,1858,8017130,5457084,2248553,310858
18,2011,Kentucky,13948,5821,6979,1146,5814431,2534743,2910068,369043
19,2011,Louisiana,13153,7158,4529,1447,15459876,8401407,5822006,1230176
20,2011,Maine,2402,784,1275,342,1203588,481002,564389,157595
21,2011,Maryland,5214,1797,3072,344,4850337,1323808,3287094,238634
22,2011,Massachusetts,5099,1525,3066,504,3995325,960727,2397954,635461
23,2011,Michigan,10957,4598,5020,1336,6200619,2262028,3340367,597998
24,2011,Minnesota,13117,8147,3932,1037,6135900,3570715,2276946,285487
25,2011,Mississippi,17032,11237,4038,1757,8671427,6062822,2112726,495879
26,2011,Missouri,24286,11967,10202,2116,10166842,4908473,4312490,945791
27,2011,Montana,5097,2019,2821,257,1951887,701821,1137943,112123
28,2011,Nebraska,15395,8186,5325,1864,3881523,2393304,1222485,264104
29,2011,Nevada,1783,1130,619,34,1411994,866989,530502,14503
30,2011,New Hampshire,2423,1262,905,256,1061054,563459,384004,113590
31,2011,New Jersey,6514,2048,3843,622,6588208,1776824,4151724,659148
32,2011,New Mexico,3932,1415,2209,308,1661742,643674,884094,133974
33,2011,New York,17384,6535,8731,2117,12670592,3576105,7321928,1772020
34,2011,North Carolina,18214,7427,8836,1939,8767108,3840272,3993842,928957
35,2011,North Dakota,4410,2348,1542,520,1210675,738524,407012,65140
36,2011,Ohio,27403,13086,11651,2597,13288223,5289949,6852278,1037372
37,2011,Oklahoma,23730,9790,9584,4351,8293455,3778929,3377194,1136478
38,2011,Oregon,7353,2967,3960,426,4812021,1361808,3177457,272756
39,2011,Pennsylvania,22320,5491,11138,5674,12400088,3010263,7214689,2161810
40,2011,Rhode Island,751,133,462,156,771017,126713,461518,182787
41,2011,South Carolina,9270,4387,3873,1010,6624856,3192662,2902112,530082
42,2011,South Dakota,5877,1877,2897,1103,1662166,413863,1068189,180114
43,2011,Tennessee,19937,9789,8983,1162,9211083,4085086,4619405,506316
44,2011,Texas,51878,27926,22825,1117,42687445,23210275,18721207,730270
45,2011,Utah,2946,1719,1115,112,1838207,1062092,738684,37431
46,2011,Vermont,2717,1298,1232,186,842490,388488,390122,63881
47,2011,Virginia,13524,4811,7551,1161,9081335,3283233,5235552,548894
48,2011,Washington,7743,3966,3412,362,6789382,2411987,3756585,620499
49,2011,West Virginia,7099,3376,2775,947,3423490,1323650,1782514,317275
50,2011,Wisconsin,14024,7555,5399,1059,6338056,3134317,2866316,333810
51,2011,Wyoming,3068,752,1916,399,1238371,194665,865124,178525
52,2011,Puerto Rico,2222,467,1508,247,2082626,538909,1329613,214104
53,2011,Totals,605103,285909,260799,58160,355076225,159968735,165750887,29101217
1,2012, Alabama ,16070,7320,7900,850,8985363,3717955,5005293,262115
2,2012, Alaska ,1173,528,518,124,658950,266633,323524,68497
3,2012, Arizona ,7835,5163,2453,218,4845663,2604684,2029887,210817
4,2012, Arkansas ,12696,7076,4997,621,6159353,3299394,2553162,305777
5,2012, California ,24812,10460,11490,2862,28081411,8969774,14716442,4395195
6,2012, Colorado ,8591,4275,3817,499,4769085,2606491,1912227,250367
7,2012, Connecticut ,4208,1420,2388,400,3290172,680345,2063941,545886
8,2012, Delaware ,862,286,523,53,942620,225509,676663,40448
9,2012, Dist. Of Col. ,239,39,170,30,538596,36395,404649,97552
10,2012, Florida ,11982,8535,3202,243,15897095,11157618,4291915,446280
11,2012, Georgia ,14739,7292,6767,680,9099922,5055381,3775796,268745
12,2012, Hawaii ,1131,347,712,72,1313634,306144,984599,22892
13,2012, Idaho ,4214,1133,2721,360,1639123,356293,1162427,120403
14,2012, Illinois ,26514,15242,9067,2200,12703301,5727541,5716441,1258231
15,2012, Indiana ,18789,7763,9111,1913,7524222,3113139,3656217,754645
16,2012, Iowa ,24496,9568,10134,4774,8018713,3598862,3556851,860514
17,2012, Kansas ,25176,14170,9227,1778,8089654,5582550,2212464,294579
18,2012, Kentucky ,14031,5754,7173,1103,5858993,2476608,3004573,377277
19,2012, Louisiana ,13175,7164,4463,1506,15839239,7829116,6003615,1453874
20,2012, Maine ,2408,775,1294,338,1205832,469726,597082,138422
21,2012, Maryland ,5294,1842,3103,349,5070918,1527411,3307691,235816
22,2012, Massachusetts ,5120,1518,3126,474,4035412,979144,2448019,607433
23,2012, Michigan ,11000,4665,5020,1307,6216299,2307568,3344821,562938
24,2012, Minnesota ,13121,8027,3948,1146,6135192,3501716,2268428,365049
25,2012, Mississippi ,17061,11156,4218,1682,8759007,6047988,2276334,434087
26,2012, Missouri ,24334,12120,10213,2001,10240360,4896125,4418530,925704
27,2012, Montana ,5120,1978,2881,261,1952228,659436,1174786,118005
28,2012, Nebraska ,15393,8071,5487,1813,3883237,2333469,1291810,255894
29,2012, Nevada ,1798,1152,613,33,1432367,914136,503754,14477
30,2012, New Hampshire ,2429,1289,890,250,1087628,600304,382837,104487
31,2012, New Jersey ,6554,2000,3952,602,6559741,1699672,4164255,695813
32,2012, New Mexico ,3924,1420,2208,296,1689108,644252,921497,123359
33,2012, New York ,17420,6433,8850,2132,12717760,3501267,7486831,1727929
34,2012, North Carolina ,18165,7623,8353,2173,8873890,3872635,4089854,899515
35,2012, North Dakota ,4453,2340,1581,530,1225928,716253,440824,68850
36,2012, Ohio ,27045,13641,10995,2364,13348244,5756524,6511055,971564
37,2012, Oklahoma ,23781,10114,9163,4477,8283934,3858720,3384957,1037301
38,2012, Oregon ,7633,3129,4105,399,4861870,1333486,3309508,218876
39,2012, Pennsylvania ,22669,5831,11389,5445,12487161,3115192,7428043,1943064
40,2012, Rhode Island ,757,131,470,156,775400,122793,478847,173760
41,2012, South Carolina ,9271,4241,4047,983,6571218,3117351,2919064,534803
42,2012, South Dakota ,5870,1880,2895,1095,1662716,408048,1072828,181840
43,2012, Tennessee ,19985,10025,8856,1102,9318680,4213964,4614422,490077
44,2012, Texas ,52260,28062,23187,974,43680940,23333455,19523029,698224
45,2012, Utah ,2947,1695,1137,115,1843134,1060406,747093,35634
46,2012, Vermont ,2727,1346,1204,177,844764,399165,385139,60461
47,2012, Virginia ,13769,4805,7811,1151,9275725,3234139,5410843,547960
48,2012, Washington ,7840,4145,3349,345,6934653,2624481,3690034,620138
49,2012, West Virginia ,7093,3409,2774,910,3534957,1398977,1842923,293057
50,2012, Wisconsin ,14057,7632,5413,1012,6455677,3252691,2845979,357008
51,2012, Wyoming ,3101,742,1962,397,1246462,174528,879766,192167
52,2012, Puerto Rico ,2248,422,1551,274,2081522,442147,1414387,224850
53,2012, Totals ,607380,287194,262878,57049,358547072,160127599,169625957,27892654
1,2013, Alabama ,16078,7239,8039,800,9072109,3734094,5066809,271206
2,2013, Alaska ,1196,538,526,131,668953,273896,322205,72799
3,2013, Arizona ,7862,4959,2696,207,4857523,2477040,2193159,187325
4,2013, Arkansas ,12748,7003,5127,618,6181639,3194303,2660255,327081
5,2013, California ,24955,10607,11679,2669,28397676,9426789,15021550,3949336
6,2013, Colorado ,8612,4169,3972,469,4808599,2626103,1955975,226307
7,2013, Connecticut ,4218,1417,2395,406,3291651,656573,1990386,644692
8,2013, Delaware ,864,280,528,56,962618,247103,655528,59987
9,2013, Dist. Of Col. ,252,62,169,21,563541,78619,406615,78307
10,2013, Florida ,12070,8589,3241,238,16066813,11150814,4547274,367442
11,2013, Georgia ,14769,7183,6925,661,9172250,4833942,4074111,264197
12,2013, Hawaii ,1125,328,722,75,1314136,293854,997253,23029
13,2013, Idaho ,4232,1135,2736,359,1670346,391787,1157967,120536
14,2013, Illinois ,26621,15133,9291,2172,12756290,5555584,5913038,1276412
15,2013, Indiana ,18953,7887,9232,1833,7710036,3341385,3719838,648695
16,2013, Iowa ,24398,9579,10134,4665,8057618,3610959,3595001,846984
17,2013, Kansas ,25171,14111,9340,1718,8141442,5576779,2284204,280341
18,2013, Kentucky ,14116,5694,7326,1095,5880096,2426540,3086990,366031
19,2013, Louisiana ,13050,6932,4514,1597,16022497,8070601,6510258,1440272
20,2013, Maine ,2402,762,1291,349,1207094,472675,600629,133790
21,2013, Maryland ,5291,1824,3148,319,5083217,1457640,3441968,183609
22,2013, Massachusetts ,5136,1512,3153,469,4050788,958276,2512036,579659
23,2013, Michigan ,11022,4714,5041,1256,6274311,2386520,3346366,538383
24,2013, Minnesota ,13137,8136,3957,1043,6153862,3419524,2424237,309898
25,2013, Mississippi ,17044,11157,4278,1600,8823379,6050567,2363100,408220
26,2013, Missouri ,24350,11834,10557,1959,10250819,4779458,4634922,836440
27,2013, Montana ,5126,1958,2914,253,1971369,636414,1223161,110786
28,2013, Nebraska ,15370,8062,5482,1808,3910425,2357989,1279942,270872
29,2013, Nevada ,1853,1159,663,31,1558332,947723,597136,13474
30,2013, New Hampshire ,2438,1307,877,254,1099451,621220,384523,93707
31,2013, New Jersey ,6566,1998,3992,576,6669022,1666049,4322263,680710
32,2013, New Mexico ,3935,1440,2208,287,1736625,639913,982637,114076
33,2013, New York ,17442,6429,8955,2057,12758149,3469748,7621821,1666310
34,2013, North Carolina ,18168,7827,8035,2292,8967236,4156548,3777005,1022686
35,2013, North Dakota ,4439,2329,1583,525,1229786,720992,438981,69737
36,2013, Ohio ,27015,14089,10670,2166,13411198,6108201,6312625,838474
37,2013, Oklahoma ,22912,10408,9065,3437,8282210,3932988,3450502,898256
38,2013, Oregon ,7656,3093,4165,396,4886278,1262462,3398634,224893
39,2013, Pennsylvania ,22660,6029,11498,5132,12498891,3151086,7680711,1666565
40,2013, Rhode Island ,766,141,458,167,780819,150558,478556,151705
41,2013, South Carolina ,9275,4201,4177,897,6592414,3106656,2988746,497012
42,2013, South Dakota ,5875,1882,2886,1107,1661593,397397,1070074,194121
43,2013, Tennessee ,20058,10095,8893,1067,9460965,4272682,4694113,493889
44,2013, Texas ,52561,28122,23518,920,44732496,23835649,20227341,669506
45,2013, Utah ,2974,1727,1140,107,1901763,1109848,760150,31764
46,2013, Vermont ,2731,1396,1189,146,845943,420099,375115,50729
47,2013, Virginia ,13765,4813,7884,1068,9377546,3403984,5457970,515593
48,2013, Washington ,7902,4179,3373,350,6967018,2656360,3709274,601384
49,2013, West Virginia ,7125,3380,2842,903,3699838,1483423,1932474,283940
50,2013, Wisconsin ,14088,7566,5470,1052,6517870,3308866,2854393,354612
51,2013, Wyoming ,3099,734,1946,419,1250112,159659,884782,205672
52,2013, Puerto Rico ,2280,433,1556,290,2221352,565710,1436386,219118
53,2013, Totals ,607751,287581,265456,54492,362428004,162033650,173820990,26380569
1,2014, Alabama ,16088,7210,8095,783,9106533,3716215,5123841,266477
2,2014, Alaska ,1544,718,673,150,706252,298050,332405,75540
3,2014, Arizona ,8035,4860,2952,223,4965164,2480124,2289071,195969
4,2014, Arkansas ,12806,7016,5183,607,6108972,3083705,2709626,315641
5,2014, California ,25406,11104,11913,2388,28955537,10382961,15276920,3241083
6,2014, Colorado ,8668,4022,4174,470,4877734,2617998,2029663,229908
7,2014, Connecticut ,4218,1363,2479,376,3275350,622910,2055939,596502
8,2014, Delaware ,865,268,549,48,965247,174471,736219,54557
9,2014, Dist. Of Col. ,253,67,172,14,558645,87693,431303,39649
10,2014, Florida ,12137,8575,3342,219,16358157,11159400,4831230,366363
11,2014, Georgia ,14795,7051,7122,622,9196105,4658645,4279586,257874
12,2014, Hawaii ,1137,486,581,59,1389453,417881,879437,18605
13,2014, Idaho ,4431,1238,2829,364,1690301,404520,1165731,120049
14,2014, Illinois ,26588,14698,9776,2114,12862066,5366291,6246625,1249149
15,2014, Indiana ,19019,7813,9408,1796,7753038,3328130,3810984,613077
16,2014, Iowa ,24300,9396,10204,4691,8152321,3613575,3665392,867977
17,2014, Kansas ,25085,13995,9458,1631,8129881,5508772,2350597,270451
18,2014, Kentucky ,14194,5719,7407,1066,5929697,2455839,3196177,276928
19,2014, Louisiana ,12982,6833,4536,1609,16374497,8136413,6744716,1492560
20,2014, Maine ,2419,766,1306,346,1208666,462022,627327,114026
21,2014, Maryland ,5305,1809,3191,305,5103371,1462757,3464383,176231
22,2014, Massachusetts ,5141,1500,3195,446,4027932,949485,2561300,517147
23,2014, Michigan ,11072,4718,5093,1251,6291870,2337133,3397291,554313
24,2014, Minnesota ,12961,8088,4062,802,6171889,3418338,2449899,297085
25,2014, Mississippi ,17091,11180,4304,1604,8907029,6047341,2437735,421134
26,2014, Missouri ,24385,11451,10855,2079,10288406,4749078,4705429,833900
27,2014, Montana ,5251,2034,2933,284,1984553,626217,1218367,139970
28,2014, Nebraska ,15374,7944,5687,1731,3952000,2359697,1339741,251421
29,2014, Nevada ,1898,1078,790,30,1577345,907317,655786,14242
30,2014, New Hampshire ,2467,1312,895,260,1105496,619410,390566,95520
31,2014, New Jersey ,6609,1909,4130,570,6707844,1635068,4499048,573728
32,2014, New Mexico ,3951,1461,2217,273,1704528,624058,977564,102906
33,2014, New York ,17456,6397,9070,1989,12760066,3437169,7745112,1577784
34,2014, North Carolina ,18117,8003,7917,2187,9134125,4346347,3804882,972966
35,2014, North Dakota ,4429,2314,1603,512,1229050,689169,474944,64936
36,2014, Ohio ,26986,14548,10370,2017,13416336,6549278,5995019,739901
37,2014, Oklahoma ,23147,10696,9009,3440,8288085,4032965,3414629,840027
38,2014, Oregon ,8052,3247,4399,403,4946691,1270354,3479227,196735
39,2014, Pennsylvania ,22691,6185,11532,4969,12293187,3339216,7384232,1568796
40,2014, Rhode Island ,766,138,455,173,782360,134672,485632,162056
41,2014, South Carolina ,9338,4245,4216,877,6732731,3208579,3044815,479337
42,2014, South Dakota ,5872,1907,2897,1068,1665814,412829,1071793,181192
43,2014, Tennessee ,20077,9925,9147,1002,9521993,4137015,4920899,463798
44,2014, Texas ,52937,28058,23804,812,45630872,24038233,20327749,673532
45,2014, Utah ,3014,1745,1177,92,1910929,1092271,790796,27862
46,2014, Vermont ,2745,1396,1217,132,848689,425441,377969,45279
47,2014, Virginia ,13800,4783,7984,1033,9396738,3368841,5565760,462137
48,2014, Washington ,8120,4324,3443,353,6855656,2734579,3581916,539161
49,2014, West Virginia ,7187,3372,2893,922,3763593,1508423,1978347,276823
50,2014, Wisconsin ,14109,7587,5479,1043,6513933,3302774,2938919,272240
51,2014, Wyoming ,3127,711,2020,396,1253803,148883,911391,193529
52,2014, Puerto Rico ,2304,438,1591,274,2212243,528342,1435717,248046
53,2014, Totals ,610749,287701,269734,52905,365542771,163416898,176609648,24626117
1,2015, Alabama ,16095,7143,8200,752,9157354,3715478,5185986,255889
2,2015, Alaska ,1493,664,681,146,701780,291433,343099,67100
3,2015, Arizona ,8056,4857,2988,211,5048302,2514426,2354646,179230
4,2015, Arkansas ,12853,7013,5230,610,6292176,3111876,2749519,430780
5,2015, California ,25318,13327,10134,1857,29280043,13418116,13277457,2584470
6,2015, Colorado ,8624,3913,4240,469,4846508,2531025,2077659,237654
7,2015, Connecticut ,4225,1310,2562,353,3273496,628996,2159299,485201
8,2015, Delaware ,875,269,559,47,977807,166838,757768,53202
9,2015, Dist. Of Col. ,254,69,175,10,577714,90161,459454,28099
10,2015, Florida ,12198,8522,3445,230,16476730,11140691,4962158,372716
11,2015, Georgia ,14790,7200,7026,564,9271797,4818815,4218375,234606
12,2015, Hawaii ,1142,486,591,59,1391813,403646,904894,19697
13,2015, Idaho ,4369,1199,2827,343,1703500,415003,1174420,114076
14,2015, Illinois ,26674,14440,10087,2147,12964107,5292312,6371232,1300563
15,2015, Indiana ,19145,7812,9698,1633,7907773,3437463,3947774,521565
16,2015, Iowa ,24242,9313,10203,4719,8261257,3701152,3698082,861477
17,2015, Kansas ,25047,14006,9480,1561,8163860,5468518,2433156,262186
18,2015, Kentucky ,14261,5580,7606,1074,6006749,2405438,3312943,287833
19,2015, Louisiana ,13012,6720,4628,1658,16491008,7995282,6977665,1516326
20,2015, Maine ,2431,761,1319,348,1201978,456717,640722,103420
21,2015, Maryland ,5313,1815,3205,293,5145524,1497542,3478661,169322
22,2015, Massachusetts ,5167,1478,3239,450,4074515,948294,2536978,589243
23,2015, Michigan ,11086,4689,5125,1264,6299975,2349419,3369901,577370
24,2015, Minnesota ,13301,8418,4091,785,6439750,3669936,2457240,287075
25,2015, Mississippi ,17057,11174,4339,1541,9005756,5971264,2614291,419937
26,2015, Missouri ,24398,11161,11170,2067,10344443,4648105,4817989,878350
27,2015, Montana ,5243,1989,2951,303,1993348,617790,1231562,143996
28,2015, Nebraska ,15341,7843,5909,1580,3966620,2324267,1401229,240145
29,2015, Nevada ,1919,1021,868,30,1587135,842957,715449,28730
30,2015, New Hampshire ,2470,1323,896,251,1111928,637923,377455,96550
31,2015, New Jersey ,6686,1959,4178,549,6828807,1723032,4588837,516938
32,2015, New Mexico ,3960,1482,2219,259,1712846,652883,964369,95594
33,2015, New York ,17461,6321,9176,1964,12793389,3314582,7940857,1537950
34,2015, North Carolina ,18124,7883,8159,2073,9182506,4263238,3998186,912516
35,2015, North Dakota ,4401,2286,1587,528,1231504,691800,466280,73423
36,2015, Ohio ,27104,15048,10184,1869,13259754,7024661,5600019,634724
37,2015, Oklahoma ,23049,10858,9083,3105,8329640,4104101,3497128,725077
38,2015, Oregon ,8037,3131,4516,387,4941720,1194127,3568276,178944
39,2015, Pennsylvania ,22783,6376,11705,4701,12377161,3428365,7488071,1460197
40,2015, Rhode Island ,766,134,456,176,783257,130955,489159,163144
41,2015, South Carolina ,9344,4250,4238,856,6756879,3204437,3097811,454631
42,2015, South Dakota ,5866,1901,2899,1066,1666296,414646,1073485,178164
43,2015, Tennessee ,20106,9925,9230,949,9603418,4263349,4847285,492564
44,2015, Texas ,53209,28172,24309,728,46419429,24589349,21237525,592555
45,2015, Utah ,3019,1751,1181,87,1918571,1081803,811343,25426
46,2015, Vermont ,2749,1442,1197,110,850422,427452,385916,37054
47,2015, Virginia ,13884,4819,8067,998,9482233,3359452,5661329,461453
48,2015, Washington ,8158,4318,3486,354,6892943,2786201,3557639,549103
49,2015, West Virginia ,7215,3090,3066,1059,3708364,1298773,2070526,339065
50,2015, Wisconsin ,14134,7330,5672,1132,6583404,3283087,3014933,285384
51,2015, Wyoming ,3085,723,2018,344,1260921,153323,938004,169594
52,2015, Puerto Rico ,2306,444,1592,268,2560879,882117,1454703,223832
53,2015, Totals ,611845,289158,271690,50917,369109088,167782612,177758745,23454139
1,2016,Alabama,16098,7040,8338,720,9238041,3655465,5329991,252585
2,2016,Alaska,1488,644,702,141,710704,272581,378038,60040
3,2016,Arizona,8154,4931,3042,181,5055871,2531160,2382734,141977
4,2016,Arkansas,12871,6984,5291,596,6381829,3181917,2786039,413873
5,2016,California,25431,16788,7439,1204,29478068,18644074,9141389,1692605
6,2016,Colorado,8682,3861,4364,455,4928137,2510935,2196537,220495
7,2016,Connecticut,4214,1250,2628,336,3265917,598052,2211627,456237
8,2016,Delaware,877,267,567,43,978596,164793,761239,52565
9,2016,Dist. Of Col.,245,67,169,9,568827,86987,453801,28039
10,2016,Florida,12313,8534,3545,233,16759416,11232342,5149876,376033
11,2016,Georgia,14835,7021,7275,539,9404058,4729225,4440092,234742
12,2016,Hawaii,1132,436,634,62,1319917,358370,942557,18989
13,2016,Idaho,4445,1218,2867,360,1723199,440164,1175413,107622
14,2016,Illinois,26704,13815,10732,2157,13004417,5122813,6534662,1346942
15,2016,Indiana,19245,7876,9902,1464,7997458,3555887,3970859,469032
16,2016,Iowa,24184,9182,10300,4671,8248470,3670682,3719124,856322
17,2016,Kansas,25013,13890,9664,1458,8192549,5406322,2545021,241147
18,2016,Kentucky,14265,5471,7733,1059,6053639,2368980,3335062,348738
19,2016,Louisiana,12915,6647,4730,1534,16387706,7876622,7021946,1488330
20,2016,Maine,2450,774,1337,339,1217856,464261,648569,105027
21,2016,Maryland,5321,1782,3242,297,5155225,1489367,3486651,179207
22,2016,Massachusetts,5171,1409,3294,468,4055694,888577,2572176,594941
23,2016,Michigan,11156,4674,5274,1202,6357402,2391519,3395873,569394
24,2016,Minnesota,13355,8431,4144,776,6455617,3707646,2447826,298304
25,2016,Mississippi,17068,11104,4480,1479,9093624,5911845,2776915,404221
26,2016,Missouri,24468,11009,11335,2124,10361960,4446311,5047221,868429
27,2016,Montana,5276,1841,3066,369,2000704,568632,1273332,158739
28,2016,Nebraska,15334,7899,5945,1478,3969666,2275543,1459582,233401
29,2016,Nevada,1933,981,925,27,1595544,768109,815529,11906
30,2016,New Hampshire,2486,1321,916,249,1120426,633143,385777,101506
31,2016,New Jersey,6730,1882,4280,568,6878063,1692627,4655124,530312
32,2016,New Mexico,3973,1511,2212,250,1728339,667164,968523,92652
33,2016,New York,17462,6215,9342,1884,12869629,3305860,8103332,1448499
34,2016,North Carolina,18099,7764,8564,1764,9221998,4185933,4190659,841275
35,2016,North Dakota,4400,2323,1567,509,1232040,693676,465871,72388
36,2016,Ohio,28284,15957,10445,1882,13317571,7327592,5435717,554262
37,2016,Oklahoma,23053,10900,9273,2877,8350749,4158923,3496916,694269
38,2016,Oregon,8118,3063,4655,398,5017158,1168751,3677492,170627
39,2016,Pennsylvania,22791,6539,11821,4430,12377123,3453038,7597766,1325791
40,2016,Rhode Island,772,128,452,192,786182,124630,464259,197294
41,2016,South Carolina,9358,4256,4276,826,6800337,3218877,3156739,424721
42,2016,South Dakota,5849,1879,2915,1055,1664937,399380,1089217,176339
43,2016,Tennessee,20123,9990,9207,924,9659962,4347862,4838725,473155
44,2016,Texas,53488,28168,24667,653,47253739,25040038,21691402,522299
45,2016,Utah,3039,1760,1191,88,1922456,1080203,817734,24519
46,2016,Vermont,2766,1458,1225,83,853120,419485,398780,34855
47,2016,Virginia,13892,4857,8154,881,9620709,3379558,5792054,449097
48,2016,Washington,8178,4337,3477,364,6890270,2716859,3582779,590633
49,2016,West Virginia,7217,2641,3353,1222,3805060,1077213,2310910,416833
50,2016,Wisconsin,14230,7413,5725,1092,6706707,3524686,2849283,332738
51,2016,Wyoming,3128,780,2029,319,1269969,177613,940085,152270
52,2016,Puerto Rico,2308,444,1596,268,2157266,472465,1456118,228682
53,2016,Totals,614387,291412,274306,48559,371463919,172584754,176764943,22084898
1,2017,Alabama,16129,6899,8497,733,9207383,3498240,5458713,250430
2,2017,Alaska,1569,689,715,163,725363,284845,379832,60538
3,2017,Arizona,8289,5052,3069,167,5151663,2592826,2446441,112396
4,2017,Arkansas,12864,6915,5362,587,6377740,3165687,2808335,403717
5,2017,California,25657,16586,7676,1395,29699888,19362087,8700310,1637490
6,2017,Colorado,8717,3785,4481,448,5043659,2495142,2338493,209748
7,2017,Connecticut,4238,1255,2654,329,3322219,663034,2215253,443932
8,2017,Delaware,879,227,613,39,980591,146752,775365,58474
9,2017,Dist. Of Col.,245,64,173,8,570789,80393,463112,27285
10,2017,Florida,12355,8482,3625,247,16976405,11395537,5326203,253500
11,2017,Georgia,14863,6545,7781,537,9485343,4464000,4763439,257903
12,2017,Hawaii,1135,428,642,65,1320446,356706,944069,19671
13,2017,Idaho,4492,1270,2880,341,1748545,457776,1206246,84455
14,2017,Illinois,26775,13536,11015,2224,13091565,5010213,6725114,1356238
15,2017,Indiana,19291,7948,9972,1368,8119288,3711966,3968447,437194
16,2017,Iowa,24215,9096,10304,4805,8277421,3678671,3709516,888439
17,2017,Kansas,25001,13687,9885,1429,8280831,5417909,2604259,258663
18,2017,Kentucky,14280,5361,7903,1014,6083768,2327849,3447374,307687
19,2017,Louisiana,12910,6558,4699,1649,16413320,7659900,7422691,1330125
20,2017,Maine,2458,776,1359,323,1220750,470792,653992,95966
21,2017,Maryland,5335,1772,3275,288,5160901,1509101,3476784,175016
22,2017,Massachusetts,5192,1400,3316,473,4078753,891298,2596750,590249
23,2017,Michigan,11180,4605,5424,1146,6374178,2351097,3474397,547983
24,2017,Minnesota,13329,8419,4204,706,6497340,3673454,2605244,218642
25,2017,Mississippi,17072,10987,4635,1432,9382208,6130251,2862816,387639
26,2017,Missouri,24487,10812,11595,2080,10401265,4378951,5139636,882677
27,2017,Montana,5302,1694,3181,427,2013880,496791,1347964,169124
28,2017,Nebraska,15330,7885,6006,1435,4007227,2304989,1476011,225642
29,2017,Nevada,1944,958,960,26,1609549,745281,851284,12984
30,2017,New Hampshire,2479,1326,930,223,1122819,636613,394944,91262
31,2017,New Jersey,6737,1851,4330,556,6921627,1665266,4727915,528446
32,2017,New Mexico,3999,1541,2215,243,1696984,629095,971217,96672
33,2017,New York,17456,6360,9313,1771,12870778,3434021,8056464,1369029
34,2017,North Carolina,18183,7466,8907,1803,9273649,3879012,4507066,883441
35,2017,North Dakota,4377,2343,1546,488,1228730,704274,459123,65333
36,2017,Ohio,27345,15858,9888,1598,13391034,7733118,5162174,495610
37,2017,Oklahoma,23071,10438,9947,2684,8382718,4041989,3743144,597121
38,2017,Oregon,8147,2955,4778,414,5030363,1112932,3738465,178967
39,2017,Pennsylvania,22779,6760,11871,4147,12403798,3520514,7654383,1228374
40,2017,Rhode Island,778,131,466,181,799588,130368,484090,185131
41,2017,South Carolina,9341,4265,4295,781,6796044,3147523,3219195,429326
42,2017,South Dakota,5818,1888,2927,1003,1665379,413323,1105011,147045
43,2017,Tennessee,20169,9714,9564,889,9731932,4148857,5103802,479052
44,2017,Texas,53869,28219,25017,632,47928260,24928415,22548318,451467
45,2017,Utah,3051,1722,1248,81,1871580,1005503,845073,21003
46,2017,Vermont,2772,1476,1219,77,854371,420104,401389,32878
47,2017,Virginia,13932,4831,8328,773,9679909,3406117,5830335,443457
48,2017,Washington,8233,4339,3528,366,7149525,2766771,3884539,498216
49,2017,West Virginia,7228,2232,3645,1351,3734304,822503,2400992,510809
50,2017,Wisconsin,14253,7364,5777,1112,6759890,3559295,2905965,294630
51,2017,Wyoming,3127,814,2022,291,1281937,199335,934412,148190
52,2017,Puerto Rico,2325,446,1608,271,2164787,458254,1501706,204827
53,2017,Totals,615002,288030,279270,47619,374362285,172484743,180767814,21084089
1,2018,Alabama,16130,6838,8603,689,9760735,3661978,5851785,246971
2,2018,Alaska,1592,711,725,155,743788,298515,385915,59158
3,2018,Arizona,8294,5068,3076,150,5846176,3169212,2581507,95457
4,2018,Arkansas,12892,6816,5488,588,6708589,3475609,2919170,313811
5,2018,California,25737,14779,9146,1812,30067631,17623112,10442456,2002063
6,2018,Colorado,8786,3694,4618,473,5024622,2359789,2457413,207344
7,2018,Connecticut,4270,1238,2724,308,3414833,600502,2406635,407696
8,2018,Delaware,863,195,634,34,1000357,141858,800016,58483
9,2018,Dist. Of Col.,244,62,174,8,569296,75891,470820,22586
10,2018,Florida,12435,8389,3717,328,17516213,11658699,5575956,280394
11,2018,Georgia,14879,6303,8082,494,10082064,4640184,5205927,235953
12,2018,Hawaii,1137,355,704,78,1324180,326663,968926,28592
13,2018,Idaho,4482,1259,2907,315,1756871,442282,1229647,84873
14,2018,Illinois,26809,13438,11098,2273,13524885,5027056,6999849,1497979
15,2018,Indiana,19280,7959,10114,1203,8197646,3735606,4134643,325675
16,2018,Iowa,24123,9180,10263,4675,8806907,4044915,3872593,888963
17,2018,Kansas,24906,13594,10024,1288,8680998,5693563,2743165,244271
18,2018,Kentucky,14368,5239,8111,1016,6509802,2480985,3717280,310678
19,2018,Louisiana,12899,6484,4733,1678,16587147,7752468,7449875,1384201
20,2018,Maine,2473,786,1362,325,1264519,451266,708474,104779
21,2018,Maryland,5357,1757,3326,274,5426511,1602956,3648777,174778
22,2018,Massachusetts,5215,1370,3364,481,4119863,869419,2766279,484164
23,2018,Michigan,11228,4479,5548,1196,6445678,2281475,3564054,599552
24,2018,Minnesota,13358,8259,4431,668,7132639,3859452,3022860,250327
25,2018,Mississippi,17071,10711,4757,1603,9940070,6504401,3019248,416420
26,2018,Missouri,24512,10579,11817,2116,10701764,4325670,5466291,909803
27,2018,Montana,5265,1605,3270,390,2084807,459891,1463582,161334
28,2018,Nebraska,15349,7985,6003,1358,4340537,2586969,1528921,224124
29,2018,Nevada,1979,978,974,27,1791492,838231,939426,13835
30,2018,New Hampshire,2494,1323,947,224,1130225,631927,404980,93318
31,2018,New Jersey,6746,1819,4383,544,7002430,1654510,4852975,494945
32,2018,New Mexico,4010,1519,2259,232,2080960,750052,1230457,100451
33,2018,New York,17521,6400,9364,1757,13089606,3596940,8164313,1328353
34,2018,North Carolina,18377,7186,9313,1871,9994006,4051533,5028174,910169
35,2018,North Dakota,4355,2341,1545,469,1320937,770811,482267,67859
36,2018,Ohio,27277,15974,9785,1518,13956582,8043801,5430710,482071
37,2018,Oklahoma,23116,10304,10268,2540,8738610,4203648,3991370,542486
38,2018,Oregon,8161,2881,4858,422,5060329,1043269,3829407,187653
39,2018,Pennsylvania,22737,6985,11979,3770,13945241,3817119,8956109,1170852
40,2018,Rhode Island,780,134,466,180,793527,109894,493870,189763
41,2018,South Carolina,9401,4225,4381,795,6985851,3191638,3339881,454332
42,2018,South Dakota,5824,1906,2945,973,1803770,517279,1142586,143905
43,2018,Tennessee,20177,9221,10084,871,10275911,4306805,5561752,407294
44,2018,Texas,54131,28020,25411,695,50368715,26200337,23665660,502093
45,2018,Utah,3061,1659,1336,66,1948005,1013841,919942,14222
46,2018,Vermont,2778,1473,1239,66,884043,451405,404534,28104
47,2018,Virginia,13931,4786,8499,646,10125635,3560099,6146720,418815
48,2018,Washington,8278,4317,3579,382,7224042,2790592,3893877,539572
49,2018,West Virginia,7269,1978,3844,1444,3811742,743138,2535381,532829
50,2018,Wisconsin,14275,7383,5838,1054,7006791,3677689,3034479,294623
51,2018,Wyoming,3129,926,1946,257,1339545,317802,900448,121296
52,2018,Guam,10,2,6,2,789,133,485,171
53,2018,Puerto Rico,2325,444,1608,273,2180690,459866,1525035,195789
54,2018,Totals,616096,283316,285676,47054,390438601,176892746,192276900,21255232
