ID,Year,State,Count_All,Count_Good,Count_Fair,Count_Poor,Area_All,Area_Good,Area_Fair,Area_Poor,Percentage_Good,Percentage_Fair,Percentage_Poor,Area_Percentage_Good,Area_Percentage_Fair,Area_Percentage_Poor,Total_Tunnel ,Tunnel_Condition_Good,Tunnel_Condtion_Fair,Tunnel_Condition_Poor,Tunnel_Condition_Severe,Tunnel_Percentage_Good,Tunnel_Percentage_Fair,Tunnel_Percentage_Poor,Tunnel_Percentage_Severe,Road_Total,Road_Not_Reported,Road_Road_Good_below95,Road_Fair_95to170,Road_Poor_above170,Road_NotReported_Percentage,Road_Good_Percentage,Road_Fair_Percentage,Road_Poor_Percentage
1,2009,ALABAMA,15959,7637,7384,934,9176079,3991613,4892783,290431,0.478538756,0.462685632,0.05852497,0.435002031,0.533210645,0.031650883,,,,,,,,,,,,,,,,,,
2,2009,ALASKA,1151,518,496,135,657173,284249,314174,58564,0.45004344,0.430929626,0.117289314,0.432532986,0.478068941,0.089115043,,,,,,,,,,,,,,,,,,
3,2009,ARIZONA,7494,5274,2030,189,4685761,2826369,1697404,161735,0.70376301,0.270883373,0.025220176,0.603182493,0.362247242,0.034516272,,,,,,,,,,,,,,,,,,
4,2009,ARKANSAS,12560,7113,4809,638,5927762,3211634,2353584,362545,0.566321656,0.382882166,0.050796178,0.541795369,0.397044281,0.061160519,,,,,,,,,,,,,,,,,,
5,2009,CALIFORNIA,24463,10275,10833,3258,27743006,8596833,13556904,5550592,0.420022074,0.442832032,0.133180722,0.309873883,0.488660241,0.200071759,,,,,,,,,,,,,,,,,,
6,2009,COLORADO,8476,4454,3487,517,4592276,2593738,1688843,307037,0.525483719,0.411396885,0.060995753,0.564804467,0.367757295,0.06685944,,,,,,,,,,,,,,,,,,
7,2009,CONNECTICUT,4186,1534,2272,380,3264103,860506,1994123,409474,0.366459627,0.542761586,0.090778786,0.263627098,0.610925268,0.125447634,,,,,,,,,,,,,,,,,,
8,2009,DELAWARE,862,349,476,37,936030,372198,486033,77799,0.40487239,0.552204176,0.042923434,0.397634691,0.519249383,0.083115926,,,,,,,,,,,,,,,,,,
9,2009,DIST. OF COL.,246,70,153,23,529850,71631,391332,66887,0.284552846,0.62195122,0.093495935,0.135191092,0.738571294,0.126237614,,,,,,,,,,,,,,,,,,
10,2009,FLORIDA,11803,8382,3127,291,15552236,11013253,4084364,453320,0.710158434,0.264932644,0.024654749,0.708145954,0.262622301,0.02914822,,,,,,,,,,,,,,,,,,
11,2009,GEORGIA,14710,7456,6521,731,8782739,4964413,3534960,282910,0.506866077,0.443303875,0.049694086,0.565246559,0.402489474,0.032212047,,,,,,,,,,,,,,,,,,
12,2009,HAWAII,1133,389,659,85,1321814,376003,920392,25420,0.343336275,0.581641659,0.075022065,0.284459841,0.696309768,0.019231147,,,,,,,,,,,,,,,,,,
13,2009,IDAHO,4100,1282,2471,338,1582099,369709,1067786,143984,0.312682927,0.602682927,0.082439024,0.233682595,0.674917309,0.091008211,,,,,,,,,,,,,,,,,,
14,2009,ILLINOIS,26263,15625,8323,2293,12517414,5795465,5575381,1129030,0.594943457,0.316909721,0.087309142,0.462992196,0.44540997,0.090196745,,,,,,,,,,,,,,,,,,
15,2009,INDIANA,18546,8233,8515,1795,7656118,3495217,3412462,747901,0.443923218,0.459128653,0.096786369,0.45652601,0.445717007,0.097686713,,,,,,,,,,,,,,,,,,
16,2009,IOWA,24799,10040,9876,4871,7885297,3637068,3228054,1017839,0.404855034,0.398241865,0.19641921,0.461246799,0.409376337,0.129080617,,,,,,,,,,,,,,,,,,
17,2009,KANSAS,25546,14045,9419,2069,7968545,5412510,2144056,398760,0.549792531,0.36870743,0.080991153,0.679234415,0.26906493,0.050041758,,,,,,,,,,,,,,,,,,
18,2009,KENTUCKY,13731,6020,6448,1233,5496296,2468417,2511996,486454,0.438424004,0.469594349,0.08979681,0.449105543,0.457034337,0.088505786,,,,,,,,,,,,,,,,,,
19,2009,LOUISIANA,13328,7092,4760,1467,15202451,7582498,6375988,1241625,0.532112845,0.357142857,0.110069028,0.498768126,0.419405266,0.081672686,,,,,,,,,,,,,,,,,,
20,2009,MAINE,2394,796,1237,361,1200744,470771,579907,150066,0.332497911,0.516708438,0.150793651,0.392066086,0.4829564,0.124977514,,,,,,,,,,,,,,,,,,
21,2009,MARYLAND,5184,1843,2974,353,4796454,1254692,3262880,197873,0.355516975,0.573688272,0.068094136,0.261587414,0.680269216,0.041254018,,,,,,,,,,,,,,,,,,
22,2009,MASSACHUSETTS,5038,1554,2905,577,3745746,839116,2300665,605777,0.308455736,0.576617705,0.114529575,0.224018393,0.614207424,0.161723993,,,,,,,,,,,,,,,,,,
23,2009,MICHIGAN,10906,4479,4892,1533,6151207,2095730,3199280,855873,0.410691363,0.448560425,0.140564827,0.340702239,0.520106054,0.139139034,,,,,,,,,,,,,,,,,,
24,2009,MINNESOTA,13131,8166,3807,1155,6117722,3578003,2203464,333503,0.621887137,0.289924606,0.08795979,0.58485871,0.360177203,0.054514246,,,,,,,,,,,,,,,,,,
25,2009,MISSISSIPPI,17038,11273,3746,2016,8354986,6206347,1678010,470239,0.66163869,0.219861486,0.118323747,0.742831526,0.200839355,0.05628244,,,,,,,,,,,,,,,,,,
26,2009,MISSOURI,24156,11618,10181,2357,9890791,4722960,4218885,948945,0.480957112,0.421468786,0.097574102,0.477510848,0.426546775,0.095942276,,,,,,,,,,,,,,,,,,
27,2009,MONTANA,4986,2138,2565,259,1915336,794176,1055055,63353,0.428800642,0.514440433,0.051945447,0.414640564,0.550845909,0.033076703,,,,,,,,,,,,,,,,,,
28,2009,NEBRASKA,15436,8095,5310,2011,3839256,2386219,1148724,302748,0.524423426,0.344001037,0.130279865,0.62153162,0.299204846,0.078855903,,,,,,,,,,,,,,,,,,
29,2009,NEVADA,1749,1099,611,39,1338420,796480,523650,18290,0.628359062,0.349342481,0.022298456,0.595089733,0.391244901,0.013665367,,,,,,,,,,,,,,,,,,
30,2009,NEW HAMPSHIRE,2403,1236,921,246,1083163,596452,382063,104648,0.514357054,0.383270911,0.102372035,0.550657657,0.352728998,0.096613344,,,,,,,,,,,,,,,,,,
31,2009,NEW JERSEY,6486,2104,3722,660,6552169,1853492,4063592,635085,0.324390996,0.573851372,0.101757632,0.282882203,0.620190352,0.096927445,,,,,,,,,,,,,,,,,,
32,2009,NEW MEXICO,3890,1379,2146,364,1629462,633702,840922,154780,0.354498715,0.551670951,0.093573265,0.388902595,0.516073403,0.094988407,,,,,,,,,,,,,,,,,,
33,2009,NEW YORK,17372,6567,8647,2154,12622307,3556245,7425790,1639092,0.378022105,0.497755008,0.123992632,0.28174287,0.588306876,0.129856769,,,,,,,,,,,,,,,,,,
34,2009,NORTH CAROLINA,18007,7402,8614,1981,8396170,3446905,3974578,971638,0.411062365,0.478369523,0.110012773,0.410533017,0.473379886,0.115723955,,,,,,,,,,,,,,,,,,
35,2009,NORTH DAKOTA,4437,2387,1536,513,1187889,720338,381671,85880,0.53797611,0.346179851,0.115618661,0.606401777,0.321301906,0.072296317,,,,,,,,,,,,,,,,,,
36,2009,OHIO,28120,13371,11926,2750,13030929,5217516,6731005,1021989,0.475497866,0.424110953,0.097795164,0.400394784,0.516540686,0.078427946,,,,,,,,,,,,,,,,,,
37,2009,OKLAHOMA,23716,9421,10133,4148,8134618,3495187,3464446,1162256,0.397242368,0.427264294,0.174903019,0.42966824,0.425889206,0.14287776,,,,,,,,,,,,,,,,,,
38,2009,OREGON,7215,3104,3659,447,4723073,1523978,2852857,345757,0.43021483,0.507137907,0.061954262,0.32266662,0.604025599,0.07320594,,,,,,,,,,,,,,,,,,
39,2009,PENNSYLVANIA,22293,5142,11002,6120,12335465,2880288,6865493,2560841,0.230655363,0.493518145,0.274525636,0.233496508,0.556565399,0.207599876,,,,,,,,,,,,,,,,,,
40,2009,RHODE ISLAND,739,104,472,162,729973,50670,482160,196782,0.140730717,0.638700947,0.219215156,0.069413526,0.660517581,0.269574354,,,,,,,,,,,,,,,,,,
41,2009,SOUTH CAROLINA,9253,4477,3695,1081,6438262,3406040,2477196,555026,0.483843078,0.399329947,0.116826975,0.529030971,0.384761602,0.086207427,,,,,,,,,,,,,,,,,,
42,2009,SOUTH DAKOTA,5920,1871,2966,1083,1674445,446886,1033864,193695,0.316047297,0.501013514,0.182939189,0.266886043,0.617436822,0.115677135,,,,,,,,,,,,,,,,,,
43,2009,TENNESSEE,19939,9751,9015,1156,9070095,4151851,4391690,525552,0.489041577,0.452128993,0.057976829,0.457751655,0.484194487,0.057943384,,,,,,,,,,,,,,,,,,
44,2009,TEXAS,51146,27760,22128,1248,40430119,21663766,17940874,822296,0.542759942,0.432643804,0.024400735,0.535832358,0.443750215,0.020338698,,,,,,,,,,,,,,,,,,
45,2009,UTAH,2905,1728,1025,149,1775647,1086930,621714,66803,0.594836489,0.352839931,0.051290878,0.612131803,0.350133782,0.03762178,,,,,,,,,,,,,,,,,,
46,2009,VERMONT,2707,1102,1240,365,832802,337149,371816,123837,0.407092723,0.458071666,0.134835611,0.404836924,0.446463865,0.148699211,,,,,,,,,,,,,,,,,,
47,2009,VIRGINIA,13530,4939,7454,1134,8891028,3274945,5099981,508785,0.36504065,0.550923873,0.083813747,0.368342671,0.573609823,0.057224541,,,,,,,,,,,,,,,,,,
48,2009,WASHINGTON,7662,3846,3418,387,6746520,2290474,3875218,571793,0.501957713,0.446097625,0.050509005,0.339504515,0.574402507,0.084753769,,,,,,,,,,,,,,,,,,
49,2009,WEST VIRGINIA,7044,3287,2743,1013,3369435,1305442,1734876,329068,0.466638274,0.389409426,0.143810335,0.387436469,0.514886324,0.097662665,,,,,,,,,,,,,,,,,,
50,2009,WISCONSIN,13917,7456,5343,1107,6238795,3023560,2875183,338383,0.535747647,0.383918948,0.079543005,0.48463846,0.460855502,0.054238519,,,,,,,,,,,,,,,,,,
51,2009,WYOMING,3054,760,1876,382,1225167,211658,848839,162484,0.248853962,0.614276359,0.12508186,0.172758489,0.692835344,0.13262192,,,,,,,,,,,,,,,,,,
52,2009,PUERTO RICO,2181,497,1462,222,1963578,578717,1218052,166809,0.227877121,0.670334709,0.101788171,0.294725751,0.620322697,0.084951553,,,,,,,,,,,,,,,,,,
53,2009,TOTALS,603310,286540,255430,60817,347908822,156820005,160355021,30402251,0.474946545,0.423381015,0.100805556,0.450750297,0.460911052,0.087385686,,,,,,,,,,,,,,,,,,
1,2010,ALABAMA,16018,7599,7506,912,9168322,3963495,4921237,283382,0.474403796,0.468597827,0.056935947,0.432303207,0.536765288,0.030908818,,,,,,,,,,,,,,,,,,
2,2010,ALASKA,1134,481,510,141,655959,258350,328711,68712,0.424162257,0.44973545,0.124338624,0.393850835,0.501115161,0.104750449,,,,,,,,,,,,,,,,,,
3,2010,ARIZONA,7579,5129,2240,208,4812023,2695116,1956524,160130,0.676738356,0.295553503,0.027444254,0.560079617,0.406590742,0.033277065,,,,,,,,,,,,,,,,,,
4,2010,ARKANSAS,12587,7069,4876,642,5969446,3162825,2341452,465169,0.561611186,0.387383809,0.051005005,0.529835599,0.392239414,0.077924987,,,,,,,,,,,,,,,,,,
5,2010,CALIFORNIA,24558,10346,11047,3125,27650791,8531261,13666027,5369105,0.421288379,0.449833048,0.127249776,0.308535875,0.494236385,0.194175458,,,,,,,,,,,,,,,,,,
6,2010,COLORADO,8506,4394,3601,510,4658326,2625365,1726715,306246,0.516576534,0.423348225,0.059957677,0.563585503,0.370672855,0.065741642,,,,,,,,,,,,,,,,,,
7,2010,CONNECTICUT,4191,1485,2319,387,3274521,841662,1951027,481832,0.354330709,0.553328561,0.09234073,0.257033624,0.59582058,0.147145796,,,,,,,,,,,,,,,,,,
8,2010,DELAWARE,861,320,491,50,937047,357174,513817,66056,0.371660859,0.570267131,0.058072009,0.381169781,0.548336423,0.070493796,,,,,,,,,,,,,,,,,,
9,2010,DIST. OF COL.,244,52,161,31,528165,44110,376194,107861,0.213114754,0.659836066,0.12704918,0.083515568,0.712266053,0.204218379,,,,,,,,,,,,,,,,,,
10,2010,FLORIDA,11912,8582,3054,275,15822110,11273893,3993732,553320,0.720449966,0.256380121,0.023085964,0.712540426,0.252414627,0.034971315,,,,,,,,,,,,,,,,,,
11,2010,GEORGIA,14670,7413,6523,733,8843328,5026603,3532422,284303,0.505316973,0.444648943,0.049965917,0.568406261,0.39944487,0.03214887,,,,,,,,,,,,,,,,,,
12,2010,HAWAII,1137,380,679,78,1323345,378464,919875,25006,0.334212841,0.597185576,0.068601583,0.285990426,0.695113519,0.018896055,,,,,,,,,,,,,,,,,,
13,2010,IDAHO,4132,1218,2570,343,1591911,355292,1107233,129350,0.294772507,0.621974831,0.083010649,0.223185844,0.695536999,0.081254542,,,,,,,,,,,,,,,,,,
14,2010,ILLINOIS,26337,15653,8485,2173,12610043,5833628,5459507,1288009,0.594334966,0.322170331,0.082507499,0.462617614,0.432949118,0.102141523,,,,,,,,,,,,,,,,,,
15,2010,INDIANA,18548,8101,8604,1843,7703793,3360876,3563632,779285,0.43675868,0.463877507,0.099363813,0.436262501,0.462581484,0.101156015,,,,,,,,,,,,,,,,,,
16,2010,IOWA,24731,9749,10048,4922,7927386,3608228,3349718,967172,0.394201609,0.406291699,0.199021471,0.455159872,0.422550132,0.122003899,,,,,,,,,,,,,,,,,,
17,2010,KANSAS,25329,14079,9335,1904,7946923,5449483,2176682,319556,0.555845079,0.368549884,0.075170753,0.685734969,0.27390249,0.040211287,,,,,,,,,,,,,,,,,,
18,2010,KENTUCKY,13849,5959,6713,1175,5642799,2525642,2720636,395815,0.430283775,0.484728139,0.084843671,0.447586738,0.482142993,0.070145153,,,,,,,,,,,,,,,,,,
19,2010,LOUISIANA,13361,7186,4658,1494,15402027,8042233,6065414,1243314,0.537833994,0.3486266,0.111817978,0.522154194,0.393806218,0.08072405,,,,,,,,,,,,,,,,,,
20,2010,MAINE,2393,781,1239,373,1206011,469560,560467,175984,0.326368575,0.517760134,0.155871291,0.389349683,0.464727934,0.145922384,,,,,,,,,,,,,,,,,,
21,2010,MARYLAND,5195,1808,3020,353,4786394,1228390,3168765,314259,0.348026949,0.5813282,0.067949952,0.256642057,0.662035971,0.065656734,,,,,,,,,,,,,,,,,,
22,2010,MASSACHUSETTS,5113,1593,2970,545,3988132,1004355,2326405,656830,0.311558772,0.580872286,0.106591042,0.251835947,0.583331996,0.164696153,,,,,,,,,,,,,,,,,,
23,2010,MICHIGAN,10928,4562,4874,1487,6176132,2139738,3277385,758369,0.417459736,0.446010249,0.136072474,0.346452764,0.530653328,0.122790284,,,,,,,,,,,,,,,,,,
24,2010,MINNESOTA,13108,8137,3868,1101,6102963,3582032,2220952,297226,0.620765944,0.29508697,0.083994507,0.586933265,0.363913725,0.048701917,,,,,,,,,,,,,,,,,,
25,2010,MISSISSIPPI,17065,11439,3747,1879,8523994,6244237,1794347,485411,0.670319367,0.219572224,0.110108409,0.732548263,0.210505427,0.056946427,,,,,,,,,,,,,,,,,,
26,2010,MISSOURI,24245,11812,10115,2317,10068706,4862107,4224450,982062,0.487193236,0.417199423,0.095566096,0.482892936,0.419562355,0.097536069,,,,,,,,,,,,,,,,,,
27,2010,MONTANA,5119,2061,2802,256,1940070,727342,1112697,100031,0.402617699,0.547372534,0.050009768,0.374905029,0.57353446,0.051560511,,,,,,,,,,,,,,,,,,
28,2010,NEBRASKA,15376,8194,5280,1881,3841122,2411087,1151337,277343,0.532908429,0.3433923,0.122333507,0.627703832,0.299739764,0.072203643,,,,,,,,,,,,,,,,,,
29,2010,NEVADA,1753,1119,599,35,1370582,839740,513866,16977,0.638334284,0.341699943,0.019965773,0.612688624,0.374925397,0.012386709,,,,,,,,,,,,,,,,,,
30,2010,NEW HAMPSHIRE,2409,1250,909,250,1053001,575145,365671,112184,0.518887505,0.377334994,0.103777501,0.546196062,0.347265577,0.106537411,,,,,,,,,,,,,,,,,,
31,2010,NEW JERSEY,6520,2087,3789,642,6581560,1823390,4157902,599895,0.320092025,0.581134969,0.098466258,0.27704526,0.631750223,0.091147843,,,,,,,,,,,,,,,,,,
32,2010,NEW MEXICO,3903,1400,2186,316,1652073,643755,880693,127626,0.358698437,0.560081988,0.080963362,0.389664985,0.533083587,0.077252034,,,,,,,,,,,,,,,,,,
33,2010,NEW YORK,17365,6570,8690,2100,12639165,3601218,7203466,1832908,0.37834725,0.500431903,0.120932911,0.28492531,0.569932112,0.145018124,,,,,,,,,,,,,,,,,,
34,2010,NORTH CAROLINA,18099,7352,8822,1918,8543213,3559897,4069477,910730,0.406210288,0.487430245,0.105972706,0.416692994,0.476340342,0.10660275,,,,,,,,,,,,,,,,,,
35,2010,NORTH DAKOTA,4418,2349,1548,521,1192081,717770,406147,68163,0.531688547,0.350384789,0.117926664,0.602115125,0.340704197,0.057179839,,,,,,,,,,,,,,,,,,
36,2010,OHIO,28033,13201,12075,2687,13202920,5311511,6767455,1064129,0.470909285,0.430742339,0.095851318,0.402298204,0.512572598,0.080598004,,,,,,,,,,,,,,,,,,
37,2010,OKLAHOMA,23692,9455,10042,4189,8216524,3656273,3394659,1164705,0.399079858,0.423856154,0.176810738,0.444990242,0.413150257,0.141751548,,,,,,,,,,,,,,,,,,
38,2010,OREGON,7255,3042,3779,433,4769987,1516817,2931709,321120,0.419297037,0.52088215,0.059682977,0.317991852,0.614615721,0.067320938,,,,,,,,,,,,,,,,,,
39,2010,PENNSYLVANIA,22362,5272,11071,5957,12369020,2935706,7018406,2378586,0.235757088,0.495080941,0.266389411,0.23734346,0.567418114,0.192301896,,,,,,,,,,,,,,,,,,
40,2010,RHODE ISLAND,757,127,466,163,786550,121091,464385,198841,0.167767503,0.615587847,0.215323646,0.153952069,0.590407476,0.252801475,,,,,,,,,,,,,,,,,,
41,2010,SOUTH CAROLINA,9252,4427,3763,1062,6564306,3348569,2663389,552348,0.478491137,0.406722871,0.114785992,0.510117749,0.405738093,0.084144158,,,,,,,,,,,,,,,,,,
42,2010,SOUTH DAKOTA,5891,1872,2959,1060,1659360,420350,1059562,179448,0.317772874,0.502291631,0.179935495,0.253320557,0.638536544,0.108142898,,,,,,,,,,,,,,,,,,
43,2010,TENNESSEE,19892,9740,9014,1136,9174014,4117516,4502871,553410,0.489644078,0.453146994,0.057108385,0.448823819,0.490828878,0.060323649,,,,,,,,,,,,,,,,,,
44,2010,TEXAS,51454,27789,22479,1179,41188845,22203255,18200018,784724,0.54007463,0.436875656,0.02291367,0.539059908,0.441867646,0.019051857,,,,,,,,,,,,,,,,,,
45,2010,UTAH,2911,1745,1049,117,1806777,1123576,637098,46103,0.599450361,0.360357266,0.040192374,0.621867558,0.352615735,0.025516707,,,,,,,,,,,,,,,,,,
46,2010,VERMONT,2712,1208,1250,254,836168,367389,374974,93806,0.445427729,0.460914454,0.093657817,0.439372231,0.448443375,0.112185589,,,,,,,,,,,,,,,,,,
47,2010,VIRGINIA,13522,4822,7533,1165,9043518,3267079,5178426,515229,0.356604053,0.557092146,0.086155894,0.361261956,0.572611897,0.056972187,,,,,,,,,,,,,,,,,,
48,2010,WASHINGTON,7755,3929,3448,374,6783644,2395084,3781596,606550,0.506640877,0.444616377,0.04822695,0.353067466,0.557457909,0.089413595,,,,,,,,,,,,,,,,,,
49,2010,WEST VIRGINIA,7069,3337,2755,976,3388158,1317148,1747045,323915,0.472061112,0.389729806,0.138067619,0.388750466,0.515632683,0.095602094,,,,,,,,,,,,,,,,,,
50,2010,WISCONSIN,13982,7587,5336,1037,6334416,3137170,2854802,327230,0.542626234,0.381633529,0.074166786,0.495257969,0.450681168,0.051659064,,,,,,,,,,,,,,,,,,
51,2010,WYOMING,3060,778,1892,377,1230868,210158,851980,168140,0.254248366,0.618300654,0.123202614,0.170739673,0.692178203,0.136602788,,,,,,,,,,,,,,,,,,
52,2010,PUERTO RICO,2201,494,1488,219,1981711,551986,1272993,156732,0.224443435,0.676056338,0.099500227,0.27854011,0.642370658,0.079089231,,,,,,,,,,,,,,,,,,
53,2010,TOTALS,604493,286534,258277,59305,351470253,158764140,161805951,30444638,0.474007143,0.427262185,0.098107009,0.451714302,0.460368835,0.08662081,,,,,,,,,,,,,,,,,,
1,2011,ALABAMA,16061,7435,7738,887,8951183,3766050,4914047,270877,0.462922608,0.481788183,0.055226947,0.420732098,0.548982967,0.030261587,,,,,,,,,,,,,,,,,,
2,2011,ALASKA,1156,509,513,132,658466,267632,322479,68168,0.440311419,0.443771626,0.114186851,0.406447713,0.489742827,0.103525467,,,,,,,,,,,,,,,,,,
3,2011,ARIZONA,7739,5151,2352,236,4880618,2514129,2175993,190496,0.665589869,0.303915235,0.030494896,0.515125134,0.445843744,0.039031123,,,,,,,,,,,,,,,,,,
4,2011,ARKANSAS,12641,7061,4962,617,6104343,3297850,2403481,396885,0.558579226,0.392532236,0.04880943,0.54024651,0.393732954,0.065016825,,,,,,,,,,,,,,,,,,
5,2011,CALIFORNIA,24609,10446,11240,2921,27856257,9033103,13889902,4877973,0.424478849,0.456743468,0.118696412,0.324275548,0.498627723,0.175112292,,,,,,,,,,,,,,,,,,
6,2011,COLORADO,8551,4319,3713,519,4728436,2619311,1801289,307836,0.505087124,0.43421822,0.060694656,0.553948705,0.380948161,0.065103133,,,,,,,,,,,,,,,,,,
7,2011,CONNECTICUT,4200,1437,2376,387,3278853,741293,2020785,516775,0.342142857,0.565714286,0.092142857,0.226083024,0.616308508,0.157608469,,,,,,,,,,,,,,,,,,
8,2011,DELAWARE,857,314,493,50,886595,244747,582541,59308,0.366394399,0.575262544,0.058343057,0.276052764,0.657054236,0.066894129,,,,,,,,,,,,,,,,,,
9,2011,DIST. OF COL.,245,39,173,33,548534,34640,381128,132767,0.159183673,0.706122449,0.134693878,0.063150142,0.69481199,0.242039691,,,,,,,,,,,,,,,,,,
10,2011,FLORIDA,11986,8584,3137,263,15947295,11264520,4189791,491662,0.716168864,0.261722009,0.021942266,0.706359292,0.262727378,0.030830432,,,,,,,,,,,,,,,,,,
11,2011,GEORGIA,14694,7377,6616,701,8983388,5057301,3643772,282314,0.50204165,0.450251803,0.047706547,0.562961435,0.405612226,0.031426228,,,,,,,,,,,,,,,,,,
12,2011,HAWAII,1132,354,705,73,1309322,348396,939298,21627,0.312720848,0.622791519,0.064487633,0.266088861,0.717392666,0.016517709,,,,,,,,,,,,,,,,,,
13,2011,IDAHO,4164,1161,2662,341,1617191,343370,1151144,122678,0.278818444,0.639289145,0.081892411,0.212324951,0.711816972,0.075858696,,,,,,,,,,,,,,,,,,
14,2011,ILLINOIS,26436,15293,8899,2236,12700113,5752488,5692560,1252546,0.578491451,0.3366243,0.084581631,0.452947781,0.448229083,0.098624792,,,,,,,,,,,,,,,,,,
15,2011,INDIANA,18640,7908,8802,1929,7602822,3247531,3579241,775946,0.424248927,0.4722103,0.103487124,0.427148104,0.470777956,0.102060261,,,,,,,,,,,,,,,,,,
16,2011,IOWA,24537,9566,9982,4962,7918241,3565702,3398752,950474,0.389860211,0.406814199,0.202225211,0.450314912,0.429230684,0.120036003,,,,,,,,,,,,,,,,,,
17,2011,KANSAS,25233,14161,9211,1858,8017130,5457084,2248553,310858,0.561209527,0.365037847,0.073633734,0.680677998,0.280468572,0.038774225,,,,,,,,,,,,,,,,,,
18,2011,KENTUCKY,13948,5821,6979,1146,5814431,2534743,2910068,369043,0.417335819,0.500358474,0.082162317,0.435939991,0.50049059,0.063470183,,,,,,,,,,,,,,,,,,
19,2011,LOUISIANA,13153,7158,4529,1447,15459876,8401407,5822006,1230176,0.544210446,0.344332092,0.110012925,0.543433013,0.376588143,0.079572178,,,,,,,,,,,,,,,,,,
20,2011,MAINE,2402,784,1275,342,1203588,481002,564389,157595,0.326394671,0.53080766,0.142381349,0.399640076,0.46892209,0.130937663,,,,,,,,,,,,,,,,,,
21,2011,MARYLAND,5214,1797,3072,344,4850337,1323808,3287094,238634,0.344649022,0.589182969,0.065976218,0.272931139,0.67770425,0.049199468,,,,,,,,,,,,,,,,,,
22,2011,MASSACHUSETTS,5099,1525,3066,504,3995325,960727,2397954,635461,0.299078251,0.601294371,0.09884291,0.240462791,0.600189972,0.159051141,,,,,,,,,,,,,,,,,,
23,2011,MICHIGAN,10957,4598,5020,1336,6200619,2262028,3340367,597998,0.419640413,0.458154604,0.121931186,0.364806804,0.538715086,0.096441662,,,,,,,,,,,,,,,,,,
24,2011,MINNESOTA,13117,8147,3932,1037,6135900,3570715,2276946,285487,0.621102386,0.299763665,0.079057711,0.581938265,0.371085904,0.046527323,,,,,,,,,,,,,,,,,,
25,2011,MISSISSIPPI,17032,11237,4038,1757,8671427,6062822,2112726,495879,0.659758102,0.237083138,0.10315876,0.699172351,0.243642252,0.057185398,,,,,,,,,,,,,,,,,,
26,2011,MISSOURI,24286,11967,10202,2116,10166842,4908473,4312490,945791,0.492753026,0.420077411,0.087128387,0.482792297,0.424172029,0.093027019,,,,,,,,,,,,,,,,,,
27,2011,MONTANA,5097,2019,2821,257,1951887,701821,1137943,112123,0.396115362,0.553462821,0.050421817,0.359560261,0.582996352,0.057443387,,,,,,,,,,,,,,,,,,
28,2011,NEBRASKA,15395,8186,5325,1864,3881523,2393304,1222485,264104,0.531731082,0.345891523,0.121078272,0.616588901,0.314949828,0.068041333,,,,,,,,,,,,,,,,,,
29,2011,NEVADA,1783,1130,619,34,1411994,866989,530502,14503,0.63376332,0.347167695,0.019068985,0.614017482,0.375711228,0.01027129,,,,,,,,,,,,,,,,,,
30,2011,NEW HAMPSHIRE,2423,1262,905,256,1061054,563459,384004,113590,0.520841931,0.373503921,0.105654148,0.531037063,0.361908065,0.107053929,,,,,,,,,,,,,,,,,,
31,2011,NEW JERSEY,6514,2048,3843,622,6588208,1776824,4151724,659148,0.314399754,0.589960086,0.095486644,0.269697617,0.630175004,0.100049664,,,,,,,,,,,,,,,,,,
32,2011,NEW MEXICO,3932,1415,2209,308,1661742,643674,884094,133974,0.359867752,0.56180061,0.078331638,0.387348939,0.532028438,0.080622624,,,,,,,,,,,,,,,,,,
33,2011,NEW YORK,17384,6535,8731,2117,12670592,3576105,7321928,1772020,0.375920387,0.502243442,0.121778647,0.282236615,0.577867869,0.139852976,,,,,,,,,,,,,,,,,,
34,2011,NORTH CAROLINA,18214,7427,8836,1939,8767108,3840272,3993842,928957,0.407763259,0.485121335,0.106456572,0.438031789,0.455548397,0.105959343,,,,,,,,,,,,,,,,,,
35,2011,NORTH DAKOTA,4410,2348,1542,520,1210675,738524,407012,65140,0.532426304,0.349659864,0.117913832,0.610010118,0.336186012,0.053804696,,,,,,,,,,,,,,,,,,
36,2011,OHIO,27403,13086,11651,2597,13288223,5289949,6852278,1037372,0.477538956,0.425172426,0.094770646,0.398093033,0.515665488,0.078067022,,,,,,,,,,,,,,,,,,
37,2011,OKLAHOMA,23730,9790,9584,4351,8293455,3778929,3377194,1136478,0.412557944,0.403876949,0.183354404,0.455651957,0.407211952,0.137033118,,,,,,,,,,,,,,,,,,
38,2011,OREGON,7353,2967,3960,426,4812021,1361808,3177457,272756,0.403508772,0.538555692,0.057935537,0.283001259,0.660316528,0.056682213,,,,,,,,,,,,,,,,,,
39,2011,PENNSYLVANIA,22320,5491,11138,5674,12400088,3010263,7214689,2161810,0.246012545,0.499014337,0.25421147,0.242761422,0.581825629,0.174338279,,,,,,,,,,,,,,,,,,
40,2011,RHODE ISLAND,751,133,462,156,771017,126713,461518,182787,0.177097204,0.61517976,0.207723036,0.164345274,0.598583429,0.237072594,,,,,,,,,,,,,,,,,,
41,2011,SOUTH CAROLINA,9270,4387,3873,1010,6624856,3192662,2902112,530082,0.473247033,0.417799353,0.108953614,0.48192172,0.438064163,0.080014117,,,,,,,,,,,,,,,,,,
42,2011,SOUTH DAKOTA,5877,1877,2897,1103,1662166,413863,1068189,180114,0.319380636,0.492938574,0.18768079,0.248990173,0.642648809,0.108361018,,,,,,,,,,,,,,,,,,
43,2011,TENNESSEE,19937,9789,8983,1162,9211083,4085086,4619405,506316,0.490996639,0.450569293,0.058283593,0.443496818,0.501505089,0.054968129,,,,,,,,,,,,,,,,,,
44,2011,TEXAS,51878,27926,22825,1117,42687445,23210275,18721207,730270,0.538301399,0.439974556,0.021531285,0.54372603,0.438564711,0.017107372,,,,,,,,,,,,,,,,,,
45,2011,UTAH,2946,1719,1115,112,1838207,1062092,738684,37431,0.583503055,0.378479294,0.038017651,0.577786941,0.401850281,0.020362777,,,,,,,,,,,,,,,,,,
46,2011,VERMONT,2717,1298,1232,186,842490,388488,390122,63881,0.477732794,0.453441296,0.068457858,0.461118826,0.463058315,0.075824045,,,,,,,,,,,,,,,,,,
47,2011,VIRGINIA,13524,4811,7551,1161,9081335,3283233,5235552,548894,0.355737947,0.558340728,0.085847382,0.361536382,0.57651788,0.060441994,,,,,,,,,,,,,,,,,,
48,2011,WASHINGTON,7743,3966,3412,362,6789382,2411987,3756585,620499,0.512204572,0.440656076,0.046751905,0.355258697,0.553302937,0.09139256,,,,,,,,,,,,,,,,,,
49,2011,WEST VIRGINIA,7099,3376,2775,947,3423490,1323650,1782514,317275,0.475559938,0.390900127,0.13339907,0.386637612,0.520671595,0.092675895,,,,,,,,,,,,,,,,,,
50,2011,WISCONSIN,14024,7555,5399,1059,6338056,3134317,2866316,333810,0.538719338,0.384982886,0.075513406,0.4945234,0.452238983,0.052667569,,,,,,,,,,,,,,,,,,
51,2011,WYOMING,3068,752,1916,399,1238371,194665,865124,178525,0.245110821,0.624511082,0.130052151,0.157194411,0.698598401,0.14416116,,,,,,,,,,,,,,,,,,
52,2011,PUERTO RICO,2222,467,1508,247,2082626,538909,1329613,214104,0.210171017,0.678667867,0.111161116,0.258764176,0.638431,0.102804824,,,,,,,,,,,,,,,,,,
53,2011,TOTALS,605103,285909,260799,58160,355076225,159968735,165750887,29101217,0.472496418,0.430999351,0.096115868,0.45051942,0.466803676,0.081957661,,,,,,,,,,,,,,,,,,
1,2012, ALABAMA ,16070,7320,7900,850,8985363,3717955,5005293,262115,0.455507156,0.491599253,0.052893591,0.413779054,0.557049615,0.029171331,,,,,,,,,,,,,,,,,,
2,2012, ALASKA ,1173,528,518,124,658950,266633,323524,68497,0.450127877,0.441602728,0.10571185,0.404633128,0.490968966,0.103948706,,,,,,,,,,,,,,,,,,
3,2012, ARIZONA ,7835,5163,2453,218,4845663,2604684,2029887,210817,0.658966177,0.313082323,0.027823867,0.53752892,0.418908001,0.043506327,,,,,,,,,,,,,,,,,,
4,2012, ARKANSAS ,12696,7076,4997,621,6159353,3299394,2553162,305777,0.557340895,0.393588532,0.048913043,0.535672172,0.414517888,0.049644338,,,,,,,,,,,,,,,,,,
5,2012, CALIFORNIA ,24812,10460,11490,2862,28081411,8969774,14716442,4395195,0.421570208,0.463082379,0.115347413,0.319420345,0.524063481,0.156516174,,,,,,,,,,,,,,,,,,
6,2012, COLORADO ,8591,4275,3817,499,4769085,2606491,1912227,250367,0.497613782,0.444302177,0.058084041,0.546539011,0.400963078,0.052497911,,,,,,,,,,,,,,,,,,
7,2012, CONNECTICUT ,4208,1420,2388,400,3290172,680345,2063941,545886,0.337452471,0.567490494,0.095057034,0.206780983,0.627304895,0.165914122,,,,,,,,,,,,,,,,,,
8,2012, DELAWARE ,862,286,523,53,942620,225509,676663,40448,0.331786543,0.606728538,0.061484919,0.239236384,0.71785343,0.042910187,,,,,,,,,,,,,,,,,,
9,2012, DIST. OF COL. ,239,39,170,30,538596,36395,404649,97552,0.163179916,0.711297071,0.125523013,0.06757384,0.751303389,0.181122771,,,,,,,,,,,,,,,,,,
10,2012, FLORIDA ,11982,8535,3202,243,15897095,11157618,4291915,446280,0.712318478,0.267234185,0.020280421,0.701865215,0.269981088,0.028073054,,,,,,,,,,,,,,,,,,
11,2012, GEORGIA ,14739,7292,6767,680,9099922,5055381,3775796,268745,0.494741841,0.459122057,0.046136101,0.555541135,0.414926194,0.029532671,,,,,,,,,,,,,,,,,,
12,2012, HAWAII ,1131,347,712,72,1313634,306144,984599,22892,0.306808134,0.629531388,0.063660477,0.233051215,0.749523079,0.017426467,,,,,,,,,,,,,,,,,,
13,2012, IDAHO ,4214,1133,2721,360,1639123,356293,1162427,120403,0.268865686,0.645704794,0.085429521,0.217368068,0.709176188,0.073455744,,,,,,,,,,,,,,,,,,
14,2012, ILLINOIS ,26514,15242,9067,2200,12703301,5727541,5716441,1258231,0.574866108,0.34197028,0.082975032,0.45087029,0.449996501,0.099047563,,,,,,,,,,,,,,,,,,
15,2012, INDIANA ,18789,7763,9111,1913,7524222,3113139,3656217,754645,0.413167279,0.484911384,0.101814892,0.413748956,0.485926253,0.100295419,,,,,,,,,,,,,,,,,,
16,2012, IOWA ,24496,9568,10134,4774,8018713,3598862,3556851,860514,0.390594383,0.413700196,0.194888961,0.448807932,0.443568812,0.107313231,,,,,,,,,,,,,,,,,,
17,2012, KANSAS ,25176,14170,9227,1778,8089654,5582550,2212464,294579,0.562837623,0.366499841,0.070622815,0.690085138,0.273493032,0.036414289,,,,,,,,,,,,,,,,,,
18,2012, KENTUCKY ,14031,5754,7173,1103,5858993,2476608,3004573,377277,0.410091939,0.511225144,0.078611646,0.42270199,0.512813891,0.064392806,,,,,,,,,,,,,,,,,,
19,2012, LOUISIANA ,13175,7164,4463,1506,15839239,7829116,6003615,1453874,0.543757116,0.338747628,0.1143074,0.494286121,0.379034308,0.091789385,,,,,,,,,,,,,,,,,,
20,2012, MAINE ,2408,775,1294,338,1205832,469726,597082,138422,0.321843854,0.537375415,0.140365449,0.389545144,0.495161847,0.114793769,,,,,,,,,,,,,,,,,,
21,2012, MARYLAND ,5294,1842,3103,349,5070918,1527411,3307691,235816,0.347941065,0.586135247,0.065923687,0.301209958,0.65228643,0.046503611,,,,,,,,,,,,,,,,,,
22,2012, MASSACHUSETTS ,5120,1518,3126,474,4035412,979144,2448019,607433,0.296484375,0.610546875,0.092578125,0.242637926,0.606634217,0.150525646,,,,,,,,,,,,,,,,,,
23,2012, MICHIGAN ,11000,4665,5020,1307,6216299,2307568,3344821,562938,0.424090909,0.456363636,0.118818182,0.371212517,0.538072734,0.090558385,,,,,,,,,,,,,,,,,,
24,2012, MINNESOTA ,13121,8027,3948,1146,6135192,3501716,2268428,365049,0.611767396,0.3008917,0.087340904,0.570758992,0.369740344,0.059500827,,,,,,,,,,,,,,,,,,
25,2012, MISSISSIPPI ,17061,11156,4218,1682,8759007,6047988,2276334,434087,0.653888987,0.247230526,0.098587422,0.69048786,0.259884939,0.049558928,,,,,,,,,,,,,,,,,,
26,2012, MISSOURI ,24334,12120,10213,2001,10240360,4896125,4418530,925704,0.498068546,0.41970083,0.082230624,0.478120398,0.431481901,0.090397603,,,,,,,,,,,,,,,,,,
27,2012, MONTANA ,5120,1978,2881,261,1952228,659436,1174786,118005,0.386328125,0.562695313,0.050976563,0.337786365,0.601766802,0.060446321,,,,,,,,,,,,,,,,,,
28,2012, NEBRASKA ,15393,8071,5487,1813,3883237,2333469,1291810,255894,0.524329241,0.356460729,0.117780809,0.600908211,0.332663188,0.065897085,,,,,,,,,,,,,,,,,,
29,2012, NEVADA ,1798,1152,613,33,1432367,914136,503754,14477,0.640711902,0.340934372,0.018353726,0.638199568,0.351693386,0.010107047,,,,,,,,,,,,,,,,,,
30,2012, NEW HAMPSHIRE ,2429,1289,890,250,1087628,600304,382837,104487,0.530671058,0.366405928,0.102923014,0.551938714,0.351992593,0.096068693,,,,,,,,,,,,,,,,,,
31,2012, NEW JERSEY ,6554,2000,3952,602,6559741,1699672,4164255,695813,0.305157156,0.60299054,0.091852304,0.259106571,0.634820033,0.106073243,,,,,,,,,,,,,,,,,,
32,2012, NEW MEXICO ,3924,1420,2208,296,1689108,644252,921497,123359,0.361875637,0.562691131,0.075433231,0.381415516,0.545552445,0.073032038,,,,,,,,,,,,,,,,,,
33,2012, NEW YORK ,17420,6433,8850,2132,12717760,3501267,7486831,1727929,0.369288175,0.508036739,0.12238806,0.275305321,0.588691012,0.135867401,,,,,,,,,,,,,,,,,,
34,2012, NORTH CAROLINA ,18165,7623,8353,2173,8873890,3872635,4089854,899515,0.419653179,0.459840352,0.119625654,0.436407821,0.460886263,0.101366481,,,,,,,,,,,,,,,,,,
35,2012, NORTH DAKOTA ,4453,2340,1581,530,1225928,716253,440824,68850,0.525488435,0.355041545,0.119020885,0.584253725,0.359583923,0.056161536,,,,,,,,,,,,,,,,,,
36,2012, OHIO ,27045,13641,10995,2364,13348244,5756524,6511055,971564,0.504381586,0.406544648,0.087409872,0.431257025,0.487783637,0.072785904,,,,,,,,,,,,,,,,,,
37,2012, OKLAHOMA ,23781,10114,9163,4477,8283934,3858720,3384957,1037301,0.425297506,0.385307599,0.188259535,0.465807671,0.408617089,0.125218405,,,,,,,,,,,,,,,,,,
38,2012, OREGON ,7633,3129,4105,399,4861870,1333486,3309508,218876,0.409930565,0.53779641,0.052273025,0.274274302,0.680706806,0.045018892,,,,,,,,,,,,,,,,,,
39,2012, PENNSYLVANIA ,22669,5831,11389,5445,12487161,3115192,7428043,1943064,0.257223521,0.502404164,0.240195862,0.249471597,0.594854427,0.155604945,,,,,,,,,,,,,,,,,,
40,2012, RHODE ISLAND ,757,131,470,156,775400,122793,478847,173760,0.173051519,0.620871863,0.206076618,0.158360846,0.617548362,0.224090792,,,,,,,,,,,,,,,,,,
41,2012, SOUTH CAROLINA ,9271,4241,4047,983,6571218,3117351,2919064,534803,0.457447956,0.436522489,0.106029555,0.474394701,0.444219626,0.081385673,,,,,,,,,,,,,,,,,,
42,2012, SOUTH DAKOTA ,5870,1880,2895,1095,1662716,408048,1072828,181840,0.320272572,0.49318569,0.186541738,0.245410521,0.645226244,0.109363235,,,,,,,,,,,,,,,,,,
43,2012, TENNESSEE ,19985,10025,8856,1102,9318680,4213964,4614422,490077,0.50162622,0.443132349,0.055141356,0.452206106,0.495179789,0.052590818,,,,,,,,,,,,,,,,,,
44,2012, TEXAS ,52260,28062,23187,974,43680940,23333455,19523029,698224,0.536969001,0.443685419,0.018637581,0.534179324,0.446946174,0.015984638,,,,,,,,,,,,,,,,,,
45,2012, UTAH ,2947,1695,1137,115,1843134,1060406,747093,35634,0.575161181,0.385816084,0.039022735,0.575327676,0.405338407,0.019333375,,,,,,,,,,,,,,,,,,
46,2012, VERMONT ,2727,1346,1204,177,844764,399165,385139,60461,0.493582692,0.441510818,0.064906491,0.472516585,0.455913131,0.071571468,,,,,,,,,,,,,,,,,,
47,2012, VIRGINIA ,13769,4805,7811,1151,9275725,3234139,5410843,547960,0.348972329,0.567288837,0.08359358,0.348666978,0.583333702,0.059074628,,,,,,,,,,,,,,,,,,
48,2012, WASHINGTON ,7840,4145,3349,345,6934653,2624481,3690034,620138,0.52869898,0.427168367,0.044005102,0.378458879,0.532115161,0.08942596,,,,,,,,,,,,,,,,,,
49,2012, WEST VIRGINIA ,7093,3409,2774,910,3534957,1398977,1842923,293057,0.480614691,0.391089807,0.128295503,0.395755026,0.52134241,0.082902564,,,,,,,,,,,,,,,,,,
50,2012, WISCONSIN ,14057,7632,5413,1012,6455677,3252691,2845979,357008,0.542932347,0.385075052,0.071992602,0.503849712,0.440849039,0.055301404,,,,,,,,,,,,,,,,,,
51,2012, WYOMING ,3101,742,1962,397,1246462,174528,879766,192167,0.239277652,0.632699129,0.128023218,0.140018709,0.705810526,0.154169963,,,,,,,,,,,,,,,,,,
52,2012, PUERTO RICO ,2248,422,1551,274,2081522,442147,1414387,224850,0.18772242,0.689946619,0.121886121,0.212415242,0.679496541,0.108021919,,,,,,,,,,,,,,,,,,
53,2012, TOTALS ,607380,287194,262878,57049,358547072,160127599,169625957,27892654,0.472840726,0.43280648,0.093926372,0.446601329,0.473092573,0.077793562,,,,,,,,,,,,,,,,,,
1,2013, ALABAMA ,16078,7239,8039,800,9072109,3734094,5066809,271206,0.450242567,0.5,0.049757433,0.411601536,0.558503982,0.029894482,,,,,,,,,,,,,,,,,,
2,2013, ALASKA ,1196,538,526,131,668953,273896,322205,72799,0.449832776,0.439799331,0.109531773,0.409439826,0.481655662,0.108825284,,,,,,,,,,,,,,,,,,
3,2013, ARIZONA ,7862,4959,2696,207,4857523,2477040,2193159,187325,0.630755533,0.342915289,0.026329178,0.509938913,0.451497399,0.038563894,,,,,,,,,,,,,,,,,,
4,2013, ARKANSAS ,12748,7003,5127,618,6181639,3194303,2660255,327081,0.549341073,0.402180734,0.048478193,0.516740463,0.430347841,0.052911695,,,,,,,,,,,,,,,,,,
5,2013, CALIFORNIA ,24955,10607,11679,2669,28397676,9426789,15021550,3949336,0.425045081,0.468002404,0.106952515,0.331956354,0.528971103,0.139072507,,,,,,,,,,,,,,,,,,
6,2013, COLORADO ,8612,4169,3972,469,4808599,2626103,1955975,226307,0.484091965,0.461216907,0.054458895,0.546126429,0.406766087,0.04706298,,,,,,,,,,,,,,,,,,
7,2013, CONNECTICUT ,4218,1417,2395,406,3291651,656573,1990386,644692,0.335941204,0.567804647,0.096254149,0.199466165,0.604677106,0.19585673,,,,,,,,,,,,,,,,,,
8,2013, DELAWARE ,864,280,528,56,962618,247103,655528,59987,0.324074074,0.611111111,0.064814815,0.256698919,0.680984565,0.062316516,,,,,,,,,,,,,,,,,,
9,2013, DIST. OF COL. ,252,62,169,21,563541,78619,406615,78307,0.246031746,0.670634921,0.083333333,0.139508927,0.721535789,0.138955285,,,,,,,,,,,,,,,,,,
10,2013, FLORIDA ,12070,8589,3241,238,16066813,11150814,4547274,367442,0.711599006,0.268516984,0.01971831,0.694027745,0.283022775,0.022869626,,,,,,,,,,,,,,,,,,
11,2013, GEORGIA ,14769,7183,6925,661,9172250,4833942,4074111,264197,0.486356558,0.468887535,0.044755908,0.527018125,0.444177928,0.028803947,,,,,,,,,,,,,,,,,,
12,2013, HAWAII ,1125,328,722,75,1314136,293854,997253,23029,0.291555556,0.641777778,0.066666667,0.223610037,0.758865901,0.017524061,,,,,,,,,,,,,,,,,,
13,2013, IDAHO ,4232,1135,2736,359,1670346,391787,1157967,120536,0.268194707,0.646502836,0.084829868,0.234554398,0.693249782,0.072162295,,,,,,,,,,,,,,,,,,
14,2013, ILLINOIS ,26621,15133,9291,2172,12756290,5555584,5913038,1276412,0.568460989,0.34901018,0.081589722,0.435517223,0.463539007,0.100061381,,,,,,,,,,,,,,,,,,
15,2013, INDIANA ,18953,7887,9232,1833,7710036,3341385,3719838,648695,0.416134649,0.487099668,0.096712921,0.433381245,0.482467008,0.084136442,,,,,,,,,,,,,,,,,,
16,2013, IOWA ,24398,9579,10134,4665,8057618,3610959,3595001,846984,0.392614149,0.415361915,0.191204197,0.448142243,0.446161756,0.105115929,,,,,,,,,,,,,,,,,,
17,2013, KANSAS ,25171,14111,9340,1718,8141442,5576779,2284204,280341,0.560605459,0.371061936,0.068253148,0.68498664,0.28056504,0.034433826,,,,,,,,,,,,,,,,,,
18,2013, KENTUCKY ,14116,5694,7326,1095,5880096,2426540,3086990,366031,0.40337206,0.518985548,0.07757155,0.412670133,0.524989728,0.062249154,,,,,,,,,,,,,,,,,,
19,2013, LOUISIANA ,13050,6932,4514,1597,16022497,8070601,6510258,1440272,0.531187739,0.345900383,0.122375479,0.503704323,0.406319814,0.089890608,,,,,,,,,,,,,,,,,,
20,2013, MAINE ,2402,762,1291,349,1207094,472675,600629,133790,0.317235637,0.537468776,0.145295587,0.391580937,0.497582624,0.110836439,,,,,,,,,,,,,,,,,,
21,2013, MARYLAND ,5291,1824,3148,319,5083217,1457640,3441968,183609,0.344736345,0.594972595,0.06029106,0.286755415,0.677123955,0.03612063,,,,,,,,,,,,,,,,,,
22,2013, MASSACHUSETTS ,5136,1512,3153,469,4050788,958276,2512036,579659,0.294392523,0.613901869,0.091316199,0.23656533,0.620135144,0.143097837,,,,,,,,,,,,,,,,,,
23,2013, MICHIGAN ,11022,4714,5041,1256,6274311,2386520,3346366,538383,0.427690074,0.457358011,0.11395391,0.380363677,0.53334398,0.085807509,,,,,,,,,,,,,,,,,,
24,2013, MINNESOTA ,13137,8136,3957,1043,6153862,3419524,2424237,309898,0.619319479,0.301210322,0.079394078,0.555671219,0.393937498,0.050358295,,,,,,,,,,,,,,,,,,
25,2013, MISSISSIPPI ,17044,11157,4278,1600,8823379,6050567,2363100,408220,0.654599859,0.250997418,0.093874677,0.685742616,0.267822565,0.046265722,,,,,,,,,,,,,,,,,,
26,2013, MISSOURI ,24350,11834,10557,1959,10250819,4779458,4634922,836440,0.485995893,0.433552361,0.080451745,0.466251331,0.452151384,0.081597383,,,,,,,,,,,,,,,,,,
27,2013, MONTANA ,5126,1958,2914,253,1971369,636414,1223161,110786,0.381974249,0.568474444,0.049356223,0.322828451,0.620462734,0.056197495,,,,,,,,,,,,,,,,,,
28,2013, NEBRASKA ,15370,8062,5482,1808,3910425,2357989,1279942,270872,0.524528302,0.356668835,0.11763175,0.603000697,0.327315317,0.069269197,,,,,,,,,,,,,,,,,,
29,2013, NEVADA ,1853,1159,663,31,1558332,947723,597136,13474,0.625472207,0.357798165,0.016729628,0.608165012,0.383189205,0.008646425,,,,,,,,,,,,,,,,,,
30,2013, NEW HAMPSHIRE ,2438,1307,877,254,1099451,621220,384523,93707,0.53609516,0.359721083,0.104183757,0.565027455,0.349740916,0.08523072,,,,,,,,,,,,,,,,,,
31,2013, NEW JERSEY ,6566,1998,3992,576,6669022,1666049,4322263,680710,0.304294852,0.607980506,0.087724642,0.249819089,0.648110473,0.102070439,,,,,,,,,,,,,,,,,,
32,2013, NEW MEXICO ,3935,1440,2208,287,1736625,639913,982637,114076,0.365946633,0.56111817,0.072935197,0.368480818,0.565831426,0.065688332,,,,,,,,,,,,,,,,,,
33,2013, NEW YORK ,17442,6429,8955,2057,12758149,3469748,7621821,1666310,0.368593051,0.513415893,0.117933723,0.271963276,0.597408057,0.130607504,,,,,,,,,,,,,,,,,,
34,2013, NORTH CAROLINA ,18168,7827,8035,2292,8967236,4156548,3777005,1022686,0.430812417,0.442261118,0.126155878,0.463526108,0.42120058,0.114046959,,,,,,,,,,,,,,,,,,
35,2013, NORTH DAKOTA ,4439,2329,1583,525,1229786,720992,438981,69737,0.524667718,0.35661185,0.118269881,0.58627436,0.356957227,0.056706614,,,,,,,,,,,,,,,,,,
36,2013, OHIO ,27015,14089,10670,2166,13411198,6108201,6312625,838474,0.521525079,0.39496576,0.080177679,0.455455284,0.470698069,0.06252044,,,,,,,,,,,,,,,,,,
37,2013, OKLAHOMA ,22912,10408,9065,3437,8282210,3932988,3450502,898256,0.454259777,0.395644204,0.150008729,0.474871804,0.416616096,0.108456076,,,,,,,,,,,,,,,,,,
38,2013, OREGON ,7656,3093,4165,396,4886278,1262462,3398634,224893,0.403996865,0.544017764,0.051724138,0.258368844,0.69554659,0.046025421,,,,,,,,,,,,,,,,,,
39,2013, PENNSYLVANIA ,22660,6029,11498,5132,12498891,3151086,7680711,1666565,0.266063548,0.507413945,0.226478376,0.252109247,0.614511399,0.13333703,,,,,,,,,,,,,,,,,,
40,2013, RHODE ISLAND ,766,141,458,167,780819,150558,478556,151705,0.184073107,0.597911227,0.218015666,0.192820615,0.612889799,0.194289586,,,,,,,,,,,,,,,,,,
41,2013, SOUTH CAROLINA ,9275,4201,4177,897,6592414,3106656,2988746,497012,0.452938005,0.450350404,0.09671159,0.471247103,0.453361394,0.075391503,,,,,,,,,,,,,,,,,,
42,2013, SOUTH DAKOTA ,5875,1882,2886,1107,1661593,397397,1070074,194121,0.320340426,0.491234043,0.188425532,0.23916627,0.64400488,0.116828249,,,,,,,,,,,,,,,,,,
43,2013, TENNESSEE ,20058,10095,8893,1067,9460965,4272682,4694113,493889,0.503290458,0.443364244,0.053195732,0.451611648,0.496155836,0.052202814,,,,,,,,,,,,,,,,,,
44,2013, TEXAS ,52561,28122,23518,920,44732496,23835649,20227341,669506,0.535035483,0.44744202,0.017503472,0.532848625,0.452184492,0.014966882,,,,,,,,,,,,,,,,,,
45,2013, UTAH ,2974,1727,1140,107,1901763,1109848,760150,31764,0.580699395,0.383322125,0.03597848,0.583589017,0.39970806,0.016702397,,,,,,,,,,,,,,,,,,
46,2013, VERMONT ,2731,1396,1189,146,845943,420099,375115,50729,0.51116807,0.435371659,0.053460271,0.496604381,0.443428222,0.059967397,,,,,,,,,,,,,,,,,,
47,2013, VIRGINIA ,13765,4813,7884,1068,9377546,3403984,5457970,515593,0.349654922,0.572756992,0.077588086,0.362993047,0.582025404,0.054981655,,,,,,,,,,,,,,,,,,
48,2013, WASHINGTON ,7902,4179,3373,350,6967018,2656360,3709274,601384,0.528853455,0.426853961,0.044292584,0.381276466,0.532404825,0.086318709,,,,,,,,,,,,,,,,,,
49,2013, WEST VIRGINIA ,7125,3380,2842,903,3699838,1483423,1932474,283940,0.474385965,0.398877193,0.126736842,0.40094269,0.522313139,0.076743901,,,,,,,,,,,,,,,,,,
50,2013, WISCONSIN ,14088,7566,5470,1052,6517870,3308866,2854393,354612,0.537052811,0.388273708,0.074673481,0.507660631,0.437933405,0.054406117,,,,,,,,,,,,,,,,,,
51,2013, WYOMING ,3099,734,1946,419,1250112,159659,884782,205672,0.236850597,0.627944498,0.135204905,0.127715757,0.707762185,0.164522859,,,,,,,,,,,,,,,,,,
52,2013, PUERTO RICO ,2280,433,1556,290,2221352,565710,1436386,219118,0.189912281,0.68245614,0.127192982,0.254669228,0.646626919,0.098641728,,,,,,,,,,,,,,,,,,
53,2013, TOTALS ,607751,287581,265456,54492,362428004,162033650,173820990,26380569,0.473188855,0.436784144,0.08966172,0.447078173,0.479601433,0.07278844,,,,,,,,,,,,,,,,,,
1,2014, ALABAMA ,16088,7210,8095,783,9106533,3716215,5123841,266477,0.448160119,0.503170065,0.048669816,0.408082308,0.562655513,0.029262179,,,,,,,,,,,,,,,,,,
2,2014, ALASKA ,1544,718,673,150,706252,298050,332405,75540,0.465025907,0.435880829,0.097150259,0.422016504,0.470660614,0.106958989,,,,,,,,,,,,,,,,,,
3,2014, ARIZONA ,8035,4860,2952,223,4965164,2480124,2289071,195969,0.604853765,0.367392657,0.027753578,0.499504951,0.461026262,0.039468787,,,,,,,,,,,,,,,,,,
4,2014, ARKANSAS ,12806,7016,5183,607,6108972,3083705,2709626,315641,0.547868187,0.404732157,0.047399656,0.504782965,0.443548604,0.051668431,,,,,,,,,,,,,,,,,,
5,2014, CALIFORNIA ,25406,11104,11913,2388,28955537,10382961,15276920,3241083,0.437062111,0.468904983,0.093993545,0.35858292,0.527599264,0.111933099,,,,,,,,,,,,,,,,,,
6,2014, COLORADO ,8668,4022,4174,470,4877734,2617998,2029663,229908,0.464005538,0.481541301,0.054222427,0.536724225,0.416107766,0.047134182,,,,,,,,,,,,,,,,,,
7,2014, CONNECTICUT ,4218,1363,2479,376,3275350,622910,2055939,596502,0.323138928,0.587719298,0.089141773,0.190181202,0.627700551,0.182118552,,,,,,,,,,,,,,,,,,
8,2014, DELAWARE ,865,268,549,48,965247,174471,736219,54557,0.30982659,0.634682081,0.055491329,0.180752699,0.762726017,0.056521284,,,,,,,,,,,,,,,,,,
9,2014, DIST. OF COL. ,253,67,172,14,558645,87693,431303,39649,0.264822134,0.679841897,0.055335968,0.156974465,0.772052019,0.070973516,,,,,,,,,,,,,,,,,,
10,2014, FLORIDA ,12137,8575,3342,219,16358157,11159400,4831230,366363,0.706517261,0.275356348,0.018043998,0.682191765,0.295340728,0.022396349,,,,,,,,,,,,,,,,,,
11,2014, GEORGIA ,14795,7051,7122,622,9196105,4658645,4279586,257874,0.476579926,0.481378844,0.04204123,0.506588931,0.465369415,0.028041655,,,,,,,,,,,,,,,,,,
12,2014, HAWAII ,1137,486,581,59,1389453,417881,879437,18605,0.427440633,0.510993843,0.051890941,0.300752167,0.632937566,0.013390161,,,,,,,,,,,,,,,,,,
13,2014, IDAHO ,4431,1238,2829,364,1690301,404520,1165731,120049,0.27939517,0.63845633,0.082148499,0.239318323,0.689658824,0.071022262,,,,,,,,,,,,,,,,,,
14,2014, ILLINOIS ,26588,14698,9776,2114,12862066,5366291,6246625,1249149,0.552805777,0.36768467,0.079509553,0.417218431,0.485662645,0.097118845,,,,,,,,,,,,,,,,,,
15,2014, INDIANA ,19019,7813,9408,1796,7753038,3328130,3810984,613077,0.410799727,0.494663232,0.094431884,0.429267856,0.491547184,0.079075712,,,,,,,,,,,,,,,,,,
16,2014, IOWA ,24300,9396,10204,4691,8152321,3613575,3665392,867977,0.386666667,0.419917695,0.193045267,0.443257202,0.449613306,0.106469924,,,,,,,,,,,,,,,,,,
17,2014, KANSAS ,25085,13995,9458,1631,8129881,5508772,2350597,270451,0.557903129,0.377038071,0.065018936,0.67759565,0.289130554,0.033266293,,,,,,,,,,,,,,,,,,
18,2014, KENTUCKY ,14194,5719,7407,1066,5929697,2455839,3196177,276928,0.402916725,0.521840214,0.075102156,0.414159273,0.539011858,0.04670188,,,,,,,,,,,,,,,,,,
19,2014, LOUISIANA ,12982,6833,4536,1609,16374497,8136413,6744716,1492560,0.526344169,0.349406871,0.123940841,0.496895447,0.411903706,0.091151502,,,,,,,,,,,,,,,,,,
20,2014, MAINE ,2419,766,1306,346,1208666,462022,627327,114026,0.316659777,0.539892518,0.143034312,0.382257795,0.51902428,0.094340372,,,,,,,,,,,,,,,,,,
21,2014, MARYLAND ,5305,1809,3191,305,5103371,1462757,3464383,176231,0.340999057,0.601508011,0.057492931,0.286625644,0.678842083,0.034532273,,,,,,,,,,,,,,,,,,
22,2014, MASSACHUSETTS ,5141,1500,3195,446,4027932,949485,2561300,517147,0.291772029,0.621474421,0.08675355,0.235725181,0.635884618,0.128390201,,,,,,,,,,,,,,,,,,
23,2014, MICHIGAN ,11072,4718,5093,1251,6291870,2337133,3397291,554313,0.426119942,0.459989162,0.112987717,0.371452843,0.539949331,0.088099881,,,,,,,,,,,,,,,,,,
24,2014, MINNESOTA ,12961,8088,4062,802,6171889,3418338,2449899,297085,0.624025924,0.313401744,0.061877942,0.55385604,0.39694476,0.048135182,,,,,,,,,,,,,,,,,,
25,2014, MISSISSIPPI ,17091,11180,4304,1604,8907029,6047341,2437735,421134,0.654145457,0.251828448,0.093850565,0.678940307,0.273686658,0.047281086,,,,,,,,,,,,,,,,,,
26,2014, MISSOURI ,24385,11451,10855,2079,10288406,4749078,4705429,833900,0.469591962,0.445150707,0.08525733,0.46159512,0.457352577,0.0810524,,,,,,,,,,,,,,,,,,
27,2014, MONTANA ,5251,2034,2933,284,1984553,626217,1218367,139970,0.38735479,0.558560274,0.054084936,0.315545617,0.613925151,0.070529736,,,,,,,,,,,,,,,,,,
28,2014, NEBRASKA ,15374,7944,5687,1731,3952000,2359697,1339741,251421,0.516716534,0.369910238,0.112592689,0.597089322,0.339003289,0.063618674,,,,,,,,,,,,,,,,,,
29,2014, NEVADA ,1898,1078,790,30,1577345,907317,655786,14242,0.56796628,0.416227608,0.015806112,0.57521785,0.415753053,0.009029096,,,,,,,,,,,,,,,,,,
30,2014, NEW HAMPSHIRE ,2467,1312,895,260,1105496,619410,390566,95520,0.531820024,0.362788812,0.105391163,0.560300535,0.353294811,0.086404655,,,,,,,,,,,,,,,,,,
31,2014, NEW JERSEY ,6609,1909,4130,570,6707844,1635068,4499048,573728,0.28884854,0.624905432,0.086246028,0.243754625,0.670714465,0.08553091,,,,,,,,,,,,,,,,,,
32,2014, NEW MEXICO ,3951,1461,2217,273,1704528,624058,977564,102906,0.369779803,0.561123766,0.069096431,0.366117776,0.573510086,0.060372138,,,,,,,,,,,,,,,,,,
33,2014, NEW YORK ,17456,6397,9070,1989,12760066,3437169,7745112,1577784,0.366464253,0.519592117,0.11394363,0.269369218,0.60698056,0.123650144,,,,,,,,,,,,,,,,,,
34,2014, NORTH CAROLINA ,18117,8003,7917,2187,9134125,4346347,3804882,972966,0.441739802,0.43699288,0.12071535,0.475836164,0.416556813,0.106519891,,,,,,,,,,,,,,,,,,
35,2014, NORTH DAKOTA ,4429,2314,1603,512,1229050,689169,474944,64936,0.522465568,0.361932716,0.115601716,0.560733087,0.386431797,0.052834303,,,,,,,,,,,,,,,,,,
36,2014, OHIO ,26986,14548,10370,2017,13416336,6549278,5995019,739901,0.539094345,0.384273327,0.074742459,0.488156975,0.446844727,0.05514926,,,,,,,,,,,,,,,,,,
37,2014, OKLAHOMA ,23147,10696,9009,3440,8288085,4032965,3414629,840027,0.46209012,0.389208105,0.148615371,0.486597929,0.411992517,0.10135357,,,,,,,,,,,,,,,,,,
38,2014, OREGON ,8052,3247,4399,403,4946691,1270354,3479227,196735,0.40325385,0.546323895,0.050049677,0.256808845,0.703344316,0.039771031,,,,,,,,,,,,,,,,,,
39,2014, PENNSYLVANIA ,22691,6185,11532,4969,12293187,3339216,7384232,1568796,0.27257503,0.508219118,0.218985501,0.271631433,0.600676781,0.127615077,,,,,,,,,,,,,,,,,,
40,2014, RHODE ISLAND ,766,138,455,173,782360,134672,485632,162056,0.180156658,0.593994778,0.225848564,0.17213559,0.620727031,0.207137379,,,,,,,,,,,,,,,,,,
41,2014, SOUTH CAROLINA ,9338,4245,4216,877,6732731,3208579,3044815,479337,0.454594132,0.451488541,0.093917327,0.476564265,0.452240703,0.071195032,,,,,,,,,,,,,,,,,,
42,2014, SOUTH DAKOTA ,5872,1907,2897,1068,1665814,412829,1071793,181192,0.32476158,0.493358311,0.181880109,0.247824187,0.643404966,0.108770847,,,,,,,,,,,,,,,,,,
43,2014, TENNESSEE ,20077,9925,9147,1002,9521993,4137015,4920899,463798,0.494346765,0.455595956,0.049907855,0.434469444,0.516792966,0.04870808,,,,,,,,,,,,,,,,,,
44,2014, TEXAS ,52937,28058,23804,812,45630872,24038233,20327749,673532,0.530026258,0.449666585,0.015338988,0.526797581,0.44548237,0.014760446,,,,,,,,,,,,,,,,,,
45,2014, UTAH ,3014,1745,1177,92,1910929,1092271,790796,27862,0.578964831,0.390510949,0.03052422,0.571591619,0.413828039,0.014580343,,,,,,,,,,,,,,,,,,
46,2014, VERMONT ,2745,1396,1217,132,848689,425441,377969,45279,0.50856102,0.443351548,0.048087432,0.501291993,0.445356308,0.053351699,,,,,,,,,,,,,,,,,,
47,2014, VIRGINIA ,13800,4783,7984,1033,9396738,3368841,5565760,462137,0.346594203,0.578550725,0.074855072,0.358511752,0.592307671,0.049180577,,,,,,,,,,,,,,,,,,
48,2014, WASHINGTON ,8120,4324,3443,353,6855656,2734579,3581916,539161,0.532512315,0.424014778,0.043472906,0.398879261,0.52247604,0.078644699,,,,,,,,,,,,,,,,,,
49,2014, WEST VIRGINIA ,7187,3372,2893,922,3763593,1508423,1978347,276823,0.469180465,0.40253235,0.128287185,0.400793338,0.52565381,0.073552852,,,,,,,,,,,,,,,,,,
50,2014, WISCONSIN ,14109,7587,5479,1043,6513933,3302774,2938919,272240,0.537741867,0.388333688,0.073924445,0.507032234,0.451174275,0.041793491,,,,,,,,,,,,,,,,,,
51,2014, WYOMING ,3127,711,2020,396,1253803,148883,911391,193529,0.22737448,0.645986569,0.126638951,0.11874513,0.726901276,0.154353595,,,,,,,,,,,,,,,,,,
52,2014, PUERTO RICO ,2304,438,1591,274,2212243,528342,1435717,248046,0.190104167,0.690538194,0.118923611,0.238826386,0.648987024,0.112124211,,,,,,,,,,,,,,,,,,
53,2014, TOTALS ,610749,287701,269734,52905,365542771,163416898,176609648,24626117,0.471062581,0.441644604,0.086623146,0.447052742,0.483143594,0.067368634,,,,,,,,,,,,,,,,,,
1,2015, ALABAMA ,16095,7143,8200,752,9157354,3715478,5185986,255889,0.443802423,0.509474992,0.046722585,0.405737072,0.566319266,0.027943552,,,,,,,,,,,,,,,,,,
2,2015, ALASKA ,1493,664,681,146,701780,291433,343099,67100,0.44474213,0.4561286,0.097789685,0.415276867,0.48889823,0.09561401,,,,,,,,,,,,,,,,,,
3,2015, ARIZONA ,8056,4857,2988,211,5048302,2514426,2354646,179230,0.602904667,0.370903674,0.026191658,0.49807361,0.466423364,0.035503027,,,,,,,,,,,,,,,,,,
4,2015, ARKANSAS ,12853,7013,5230,610,6292176,3111876,2749519,430780,0.54563137,0.406908893,0.047459737,0.494562771,0.436974268,0.068462802,,,,,,,,,,,,,,,,,,
5,2015, CALIFORNIA ,25318,13327,10134,1857,29280043,13418116,13277457,2584470,0.526384391,0.400268584,0.073347026,0.458268316,0.453464396,0.088267288,,,,,,,,,,,,,,,,,,
6,2015, COLORADO ,8624,3913,4240,469,4846508,2531025,2077659,237654,0.453733766,0.491651206,0.054383117,0.522236835,0.428691957,0.049036131,,,,,,,,,,,,,,,,,,
7,2015, CONNECTICUT ,4225,1310,2562,353,3273496,628996,2159299,485201,0.310059172,0.606390533,0.083550296,0.192148089,0.659630866,0.148221046,,,,,,,,,,,,,,,,,,
8,2015, DELAWARE ,875,269,559,47,977807,166838,757768,53202,0.307428571,0.638857143,0.053714286,0.170624673,0.774966839,0.05440951,,,,,,,,,,,,,,,,,,
9,2015, DIST. OF COL. ,254,69,175,10,577714,90161,459454,28099,0.271653543,0.688976378,0.039370079,0.156065112,0.795296635,0.048638254,,,,,,,,,,,,,,,,,,
10,2015, FLORIDA ,12198,8522,3445,230,16476730,11140691,4962158,372716,0.698639121,0.282423348,0.01885555,0.676146966,0.301161578,0.022620751,,,,,,,,,,,,,,,,,,
11,2015, GEORGIA ,14790,7200,7026,564,9271797,4818815,4218375,234606,0.486815416,0.47505071,0.038133874,0.519728268,0.454968438,0.025303186,,,,,,,,,,,,,,,,,,
12,2015, HAWAII ,1142,486,591,59,1391813,403646,904894,19697,0.425569177,0.517513135,0.051663748,0.290014535,0.65015487,0.014152045,,,,,,,,,,,,,,,,,,
13,2015, IDAHO ,4369,1199,2827,343,1703500,415003,1174420,114076,0.274433509,0.647058824,0.078507668,0.243617846,0.689415908,0.066965659,,,,,,,,,,,,,,,,,,
14,2015, ILLINOIS ,26674,14440,10087,2147,12964107,5292312,6371232,1300563,0.541351128,0.378158506,0.080490365,0.408228041,0.491451667,0.100320292,,,,,,,,,,,,,,,,,,
15,2015, INDIANA ,19145,7812,9698,1633,7907773,3437463,3947774,521565,0.408043876,0.506555236,0.085296422,0.434694193,0.499227026,0.06595599,,,,,,,,,,,,,,,,,,
16,2015, IOWA ,24242,9313,10203,4719,8261257,3701152,3698082,861477,0.384167973,0.420881115,0.194662157,0.448013178,0.447641564,0.104279167,,,,,,,,,,,,,,,,,,
17,2015, KANSAS ,25047,14006,9480,1561,8163860,5468518,2433156,262186,0.559188725,0.378488442,0.062322833,0.669844657,0.298039898,0.032115445,,,,,,,,,,,,,,,,,,
18,2015, KENTUCKY ,14261,5580,7606,1074,6006749,2405438,3312943,287833,0.391276909,0.533342683,0.075310287,0.400455887,0.55153678,0.047918267,,,,,,,,,,,,,,,,,,
19,2015, LOUISIANA ,13012,6720,4628,1658,16491008,7995282,6977665,1516326,0.516446357,0.355671688,0.127420842,0.484826761,0.423119375,0.091948655,,,,,,,,,,,,,,,,,,
20,2015, MAINE ,2431,761,1319,348,1201978,456717,640722,103420,0.313039901,0.542575072,0.143150967,0.379971181,0.533056345,0.086041508,,,,,,,,,,,,,,,,,,
21,2015, MARYLAND ,5313,1815,3205,293,5145524,1497542,3478661,169322,0.341614907,0.603237342,0.055147751,0.291037803,0.676055733,0.032906658,,,,,,,,,,,,,,,,,,
22,2015, MASSACHUSETTS ,5167,1478,3239,450,4074515,948294,2536978,589243,0.286046062,0.626862783,0.087091155,0.232737884,0.622645395,0.144616721,,,,,,,,,,,,,,,,,,
23,2015, MICHIGAN ,11086,4689,5125,1264,6299975,2349419,3369901,577370,0.422965903,0.462294786,0.11401768,0.372925131,0.534907043,0.091646395,,,,,,,,,,,,,,,,,,
24,2015, MINNESOTA ,13301,8418,4091,785,6439750,3669936,2457240,287075,0.632884746,0.307570859,0.059018119,0.569887961,0.381573819,0.044578594,,,,,,,,,,,,,,,,,,
25,2015, MISSISSIPPI ,17057,11174,4339,1541,9005756,5971264,2614291,419937,0.655097614,0.254382365,0.09034414,0.663049721,0.29029112,0.046629844,,,,,,,,,,,,,,,,,,
26,2015, MISSOURI ,24398,11161,11170,2067,10344443,4648105,4817989,878350,0.457455529,0.457824412,0.084720059,0.449333521,0.465756252,0.084910323,,,,,,,,,,,,,,,,,,
27,2015, MONTANA ,5243,1989,2951,303,1993348,617790,1231562,143996,0.37936296,0.562845699,0.057791341,0.309925813,0.617835922,0.072238264,,,,,,,,,,,,,,,,,,
28,2015, NEBRASKA ,15341,7843,5909,1580,3966620,2324267,1401229,240145,0.511244378,0.385176977,0.102991982,0.585956557,0.353255164,0.060541469,,,,,,,,,,,,,,,,,,
29,2015, NEVADA ,1919,1021,868,30,1587135,842957,715449,28730,0.532047942,0.452318916,0.015633142,0.531118651,0.450780179,0.0181018,,,,,,,,,,,,,,,,,,
30,2015, NEW HAMPSHIRE ,2470,1323,896,251,1111928,637923,377455,96550,0.53562753,0.362753036,0.101619433,0.573708909,0.339459929,0.086831162,,,,,,,,,,,,,,,,,,
31,2015, NEW JERSEY ,6686,1959,4178,549,6828807,1723032,4588837,516938,0.293000299,0.624887825,0.082111876,0.252318157,0.671982236,0.075699606,,,,,,,,,,,,,,,,,,
32,2015, NEW MEXICO ,3960,1482,2219,259,1712846,652883,964369,95594,0.374242424,0.560353535,0.06540404,0.381168535,0.563021427,0.055810038,,,,,,,,,,,,,,,,,,
33,2015, NEW YORK ,17461,6321,9176,1964,12793389,3314582,7940857,1537950,0.362006758,0.525514003,0.112479239,0.259085532,0.620700035,0.120214433,,,,,,,,,,,,,,,,,,
34,2015, NORTH CAROLINA ,18124,7883,8159,2073,9182506,4263238,3998186,912516,0.434948135,0.450176561,0.114378724,0.46427827,0.435413383,0.099375486,,,,,,,,,,,,,,,,,,
35,2015, NORTH DAKOTA ,4401,2286,1587,528,1231504,691800,466280,73423,0.519427403,0.360599864,0.119972733,0.561752134,0.37862646,0.059620594,,,,,,,,,,,,,,,,,,
36,2015, OHIO ,27104,15048,10184,1869,13259754,7024661,5600019,634724,0.555194805,0.375737898,0.068956612,0.529773101,0.422332043,0.04786846,,,,,,,,,,,,,,,,,,
37,2015, OKLAHOMA ,23049,10858,9083,3105,8329640,4104101,3497128,725077,0.471083344,0.394073496,0.134713003,0.492710489,0.419841434,0.08704782,,,,,,,,,,,,,,,,,,
38,2015, OREGON ,8037,3131,4516,387,4941720,1194127,3568276,178944,0.389573224,0.561901207,0.048152296,0.241641979,0.722071667,0.036210874,,,,,,,,,,,,,,,,,,
39,2015, PENNSYLVANIA ,22783,6376,11705,4701,12377161,3428365,7488071,1460197,0.279857789,0.51376026,0.206338059,0.276991226,0.604990999,0.117975116,,,,,,,,,,,,,,,,,,
40,2015, RHODE ISLAND ,766,134,456,176,783257,130955,489159,163144,0.174934726,0.595300261,0.229765013,0.167192888,0.624519155,0.208289233,,,,,,,,,,,,,,,,,,
41,2015, SOUTH CAROLINA ,9344,4250,4238,856,6756879,3204437,3097811,454631,0.454837329,0.453553082,0.091609589,0.474248096,0.458467733,0.067284171,,,,,,,,,,,,,,,,,,
42,2015, SOUTH DAKOTA ,5866,1901,2899,1066,1666296,414646,1073485,178164,0.324070917,0.494203887,0.181725196,0.248842943,0.644234278,0.106922179,,,,,,,,,,,,,,,,,,
43,2015, TENNESSEE ,20106,9925,9230,949,9603418,4263349,4847285,492564,0.493633741,0.459066945,0.047199841,0.443940793,0.50474581,0.051290488,,,,,,,,,,,,,,,,,,
44,2015, TEXAS ,53209,28172,24309,728,46419429,24589349,21237525,592555,0.529459302,0.456858802,0.013681896,0.529721057,0.457513706,0.012765237,,,,,,,,,,,,,,,,,,
45,2015, UTAH ,3019,1751,1181,87,1918571,1081803,811343,25426,0.579993375,0.391189135,0.028817489,0.563858726,0.422889223,0.013252572,,,,,,,,,,,,,,,,,,
46,2015, VERMONT ,2749,1442,1197,110,850422,427452,385916,37054,0.524554383,0.435431066,0.040014551,0.502635162,0.453793528,0.043571309,,,,,,,,,,,,,,,,,,
47,2015, VIRGINIA ,13884,4819,8067,998,9482233,3359452,5661329,461453,0.347090176,0.581028522,0.071881302,0.354289122,0.59704597,0.048665014,,,,,,,,,,,,,,,,,,
48,2015, WASHINGTON ,8158,4318,3486,354,6892943,2786201,3557639,549103,0.529296396,0.427310615,0.043392988,0.404210654,0.516127727,0.079661619,,,,,,,,,,,,,,,,,,
49,2015, WEST VIRGINIA ,7215,3090,3066,1059,3708364,1298773,2070526,339065,0.428274428,0.424948025,0.146777547,0.350228025,0.558339473,0.091432502,,,,,,,,,,,,,,,,,,
50,2015, WISCONSIN ,14134,7330,5672,1132,6583404,3283087,3014933,285384,0.518607613,0.401301825,0.080090562,0.498691406,0.457959591,0.043349003,,,,,,,,,,,,,,,,,,
51,2015, WYOMING ,3085,723,2018,344,1260921,153323,938004,169594,0.234359806,0.654132901,0.111507293,0.12159604,0.743903861,0.1345001,,,,,,,,,,,,,,,,,,
52,2015, PUERTO RICO ,2306,444,1592,268,2560879,882117,1454703,223832,0.192541197,0.69037294,0.11621856,0.34445868,0.568048315,0.087404364,,,,,,,,,,,,,,,,,,
53,2015, TOTALS ,611845,289158,271690,50917,369109088,167782612,177758745,23454139,0.472600087,0.444050372,0.083218789,0.454561043,0.481588644,0.063542567,,,,,,,,,,,,,,,,,,
1,2016,ALABAMA,16098,7040,8338,720,9238041,3655465,5329991,252585,0.437321406,0.517952541,0.044726053,0.395696988,0.576961176,0.027341836,,,,,,,,,,,,,,,,,,
2,2016,ALASKA,1488,644,702,141,710704,272581,378038,60040,0.432795699,0.471774194,0.094758065,0.383536606,0.531920462,0.084479615,,,,,,,,,,,,,,,,,,
3,2016,ARIZONA,8154,4931,3042,181,5055871,2531160,2382734,141977,0.604733873,0.373068433,0.022197694,0.500637773,0.471280616,0.02808161,,,,,,,,,,,,,,,,,,
4,2016,ARKANSAS,12871,6984,5291,596,6381829,3181917,2786039,413873,0.542615181,0.41107917,0.046305648,0.498590138,0.436558078,0.064851785,,,,,,,,,,,,,,,,,,
5,2016,CALIFORNIA,25431,16788,7439,1204,29478068,18644074,9141389,1692605,0.6601392,0.292517007,0.047343793,0.632472725,0.310108145,0.057419129,,,,,,,,,,,,,,,,,,
6,2016,COLORADO,8682,3861,4364,455,4928137,2510935,2196537,220495,0.4447132,0.502649159,0.052407279,0.509509983,0.445713461,0.04474206,,,,,,,,,,,,,,,,,,
7,2016,CONNECTICUT,4214,1250,2628,336,3265917,598052,2211627,456237,0.29663028,0.623635501,0.079734219,0.183119167,0.67718408,0.139696447,,,,,,,,,,,,,,,,,,
8,2016,DELAWARE,877,267,567,43,978596,164793,761239,52565,0.304446978,0.646522235,0.049030787,0.168397377,0.777888935,0.05371471,,,,,,,,,,,,,,,,,,
9,2016,DIST. OF COL.,245,67,169,9,568827,86987,453801,28039,0.273469388,0.689795918,0.036734694,0.152923472,0.79778386,0.049292667,,,,,,,,,,,,,,,,,,
10,2016,FLORIDA,12313,8534,3545,233,16759416,11232342,5149876,376033,0.693088606,0.28790709,0.018923089,0.670210824,0.307282545,0.022437118,,,,,,,,,,,,,,,,,,
11,2016,GEORGIA,14835,7021,7275,539,9404058,4729225,4440092,234742,0.473272666,0.490394338,0.036332996,0.502891943,0.472146386,0.024961777,,,,,,,,,,,,,,,,,,
12,2016,HAWAII,1132,436,634,62,1319917,358370,942557,18989,0.385159011,0.560070671,0.054770318,0.271509496,0.714103235,0.014386511,,,,,,,,,,,,,,,,,,
13,2016,IDAHO,4445,1218,2867,360,1723199,440164,1175413,107622,0.274015748,0.644994376,0.080989876,0.255434224,0.682111004,0.062454772,,,,,,,,,,,,,,,,,,
14,2016,ILLINOIS,26704,13815,10732,2157,13004417,5122813,6534662,1346942,0.517338226,0.401887358,0.080774416,0.393928694,0.502495575,0.103575731,,,,,,,,,,,,,,,,,,
15,2016,INDIANA,19245,7876,9902,1464,7997458,3555887,3970859,469032,0.409249156,0.514523253,0.076071707,0.444627155,0.496515143,0.058647635,,,,,,,,,,,,,,,,,,
16,2016,IOWA,24184,9182,10300,4671,8248470,3670682,3719124,856322,0.379672511,0.425901422,0.193144228,0.445013681,0.450886528,0.103815859,,,,,,,,,,,,,,,,,,
17,2016,KANSAS,25013,13890,9664,1458,8192549,5406322,2545021,241147,0.555311238,0.386359093,0.058289689,0.659907191,0.31065069,0.029434917,,,,,,,,,,,,,,,,,,
18,2016,KENTUCKY,14265,5471,7733,1059,6053639,2368980,3335062,348738,0.383526113,0.542096039,0.074237645,0.391331561,0.550918547,0.057607994,,,,,,,,,,,,,,,,,,
19,2016,LOUISIANA,12915,6647,4730,1534,16387706,7876622,7021946,1488330,0.514672861,0.366240805,0.118776616,0.480642135,0.428488649,0.090819911,,,,,,,,,,,,,,,,,,
20,2016,MAINE,2450,774,1337,339,1217856,464261,648569,105027,0.315918367,0.545714286,0.138367347,0.381211736,0.532549825,0.08623926,,,,,,,,,,,,,,,,,,
21,2016,MARYLAND,5321,1782,3242,297,5155225,1489367,3486651,179207,0.334899455,0.609283969,0.055816576,0.288904364,0.676333429,0.034762207,,,,,,,,,,,,,,,,,,
22,2016,MASSACHUSETTS,5171,1409,3294,468,4055694,888577,2572176,594941,0.272481145,0.637014117,0.090504738,0.219093699,0.634213528,0.146692773,,,,,,,,,,,,,,,,,,
23,2016,MICHIGAN,11156,4674,5274,1202,6357402,2391519,3395873,569394,0.418967372,0.47275009,0.107744711,0.376178665,0.534160495,0.089563945,,,,,,,,,,,,,,,,,,
24,2016,MINNESOTA,13355,8431,4144,776,6455617,3707646,2447826,298304,0.631299139,0.310295769,0.058105578,0.574328682,0.379177699,0.046208441,,,,,,,,,,,,,,,,,,
25,2016,MISSISSIPPI,17068,11104,4480,1479,9093624,5911845,2776915,404221,0.650574174,0.262479494,0.086653386,0.650108802,0.305369454,0.044451035,,,,,,,,,,,,,,,,,,
26,2016,MISSOURI,24468,11009,11335,2124,10361960,4446311,5047221,868429,0.449934608,0.463258133,0.086807258,0.429099417,0.487091342,0.083809337,,,,,,,,,,,,,,,,,,
27,2016,MONTANA,5276,1841,3066,369,2000704,568632,1273332,158739,0.34893859,0.581122062,0.069939348,0.284215956,0.636441972,0.079341572,,,,,,,,,,,,,,,,,,
28,2016,NEBRASKA,15334,7899,5945,1478,3969666,2275543,1459582,233401,0.515129777,0.387700535,0.096387114,0.573232861,0.36768383,0.05879613,,,,,,,,,,,,,,,,,,
29,2016,NEVADA,1933,981,925,27,1595544,768109,815529,11906,0.507501293,0.478530781,0.013967926,0.481408849,0.51112912,0.007462032,,,,,,,,,,,,,,,,,,
30,2016,NEW HAMPSHIRE,2486,1321,916,249,1120426,633143,385777,101506,0.531375704,0.368463395,0.100160901,0.565091313,0.344312788,0.090595898,,,,,,,,,,,,,,,,,,
31,2016,NEW JERSEY,6730,1882,4280,568,6878063,1692627,4655124,530312,0.279643388,0.635958395,0.084398217,0.246090651,0.676807409,0.07710194,,,,,,,,,,,,,,,,,,
32,2016,NEW MEXICO,3973,1511,2212,250,1728339,667164,968523,92652,0.380317141,0.556758117,0.062924742,0.386014549,0.560377912,0.053607539,,,,,,,,,,,,,,,,,,
33,2016,NEW YORK,17462,6215,9342,1884,12869629,3305860,8103332,1448499,0.355915703,0.534990265,0.107891421,0.256872984,0.629647677,0.112551729,,,,,,,,,,,,,,,,,,
34,2016,NORTH CAROLINA,18099,7764,8564,1764,9221998,4185933,4190659,841275,0.428973976,0.473175314,0.097463948,0.453907385,0.454419856,0.091224808,,,,,,,,,,,,,,,,,,
35,2016,NORTH DAKOTA,4400,2323,1567,509,1232040,693676,465871,72388,0.527954545,0.356136364,0.115681818,0.563030421,0.378129769,0.058754586,,,,,,,,,,,,,,,,,,
36,2016,OHIO,28284,15957,10445,1882,13317571,7327592,5435717,554262,0.564170556,0.369290058,0.066539386,0.550219856,0.408161293,0.041618851,,,,,,,,,,,,,,,,,,
37,2016,OKLAHOMA,23053,10900,9273,2877,8350749,4158923,3496916,694269,0.472823494,0.402246996,0.124799375,0.498029937,0.418754773,0.08313853,,,,,,,,,,,,,,,,,,
38,2016,OREGON,8118,3063,4655,398,5017158,1168751,3677492,170627,0.377309682,0.573417098,0.049026854,0.232950806,0.732983095,0.034008696,,,,,,,,,,,,,,,,,,
39,2016,PENNSYLVANIA,22791,6539,11821,4430,12377123,3453038,7597766,1325791,0.2869115,0.51866965,0.194374973,0.278985512,0.613855579,0.10711625,,,,,,,,,,,,,,,,,,
40,2016,RHODE ISLAND,772,128,452,192,786182,124630,464259,197294,0.165803109,0.585492228,0.248704663,0.158525634,0.590523568,0.25095207,,,,,,,,,,,,,,,,,,
41,2016,SOUTH CAROLINA,9358,4256,4276,826,6800337,3218877,3156739,424721,0.454798034,0.456935243,0.088266724,0.473340806,0.464203318,0.062455875,,,,,,,,,,,,,,,,,,
42,2016,SOUTH DAKOTA,5849,1879,2915,1055,1664937,399380,1089217,176339,0.321251496,0.498375791,0.180372713,0.239876944,0.654209138,0.105913317,,,,,,,,,,,,,,,,,,
43,2016,TENNESSEE,20123,9990,9207,924,9659962,4347862,4838725,473155,0.496446852,0.457536153,0.045917607,0.450091004,0.50090518,0.048981042,,,,,,,,,,,,,,,,,,
44,2016,TEXAS,53488,28168,24667,653,47253739,25040038,21691402,522299,0.526622794,0.46116886,0.012208346,0.529905962,0.459040966,0.011053072,,,,,,,,,,,,,,,,,,
45,2016,UTAH,3039,1760,1191,88,1922456,1080203,817734,24519,0.579137874,0.391905232,0.028956894,0.561886982,0.42535902,0.012753998,,,,,,,,,,,,,,,,,,
46,2016,VERMONT,2766,1458,1225,83,853120,419485,398780,34855,0.527114967,0.442877802,0.030007231,0.491706911,0.467437172,0.040855917,,,,,,,,,,,,,,,,,,
47,2016,VIRGINIA,13892,4857,8154,881,9620709,3379558,5792054,449097,0.349625684,0.586956522,0.063417794,0.351279516,0.602040245,0.046680239,,,,,,,,,,,,,,,,,,
48,2016,WASHINGTON,8178,4337,3477,364,6890270,2716859,3582779,590633,0.530325263,0.425165077,0.04450966,0.394303707,0.519976576,0.085719863,,,,,,,,,,,,,,,,,,
49,2016,WEST VIRGINIA,7217,2641,3353,1222,3805060,1077213,2310910,416833,0.365941527,0.464597478,0.169322433,0.283100135,0.607325509,0.109547024,,,,,,,,,,,,,,,,,,
50,2016,WISCONSIN,14230,7413,5725,1092,6706707,3524686,2849283,332738,0.520941673,0.402319044,0.076739283,0.525546442,0.424840835,0.049612724,,,,,,,,,,,,,,,,,,
51,2016,WYOMING,3128,780,2029,319,1269969,177613,940085,152270,0.249360614,0.648657289,0.101982097,0.13985617,0.740242478,0.119900565,,,,,,,,,,,,,,,,,,
52,2016,PUERTO RICO,2308,444,1596,268,2157266,472465,1456118,228682,0.19237435,0.691507799,0.116117851,0.219011007,0.674983057,0.106005472,,,,,,,,,,,,,,,,,,
53,2016,TOTALS,614387,291412,274306,48559,371463919,172584754,176764943,22084898,0.474313421,0.446471035,0.079036503,0.464607046,0.47586033,0.059453683,,,,,,,,,,,,,,,,,,
1,2017,ALABAMA,16129,6899,8497,733,9207383,3498240,5458713,250430,0.427738855,0.526815054,0.045446091,0.379938578,0.592862597,0.027198825,,,,,,,,,,,,,,,,,,
2,2017,ALASKA,1569,689,715,163,725363,284845,379832,60538,0.439133206,0.45570427,0.103887827,0.392693038,0.523644024,0.083458903,,,,,,,,,,,,,,,,,,
3,2017,ARIZONA,8289,5052,3069,167,5151663,2592826,2446441,112396,0.609482447,0.370249729,0.020147183,0.503298838,0.474883741,0.021817421,,,,,,,,,,,,,,,,,,
4,2017,ARKANSAS,12864,6915,5362,587,6377740,3165687,2808335,403717,0.537546642,0.416822139,0.045631219,0.496365013,0.44033388,0.06330095,,,,,,,,,,,,,,,,,,
5,2017,CALIFORNIA,25657,16586,7676,1395,29699888,19362087,8700310,1637490,0.646451261,0.299177612,0.054371127,0.65192458,0.292940835,0.055134551,,,,,,,,,,,,,,,,,,
6,2017,COLORADO,8717,3785,4481,448,5043659,2495142,2338493,209748,0.434209017,0.514053,0.051393828,0.494708703,0.4636501,0.041586475,,,,,,,,,,,,,,,,,,
7,2017,CONNECTICUT,4238,1255,2654,329,3322219,663034,2215253,443932,0.29613025,0.626238792,0.077630958,0.199575645,0.666799209,0.133625146,,,,,,,,,,,,,,,,,,
8,2017,DELAWARE,879,227,613,39,980591,146752,775365,58474,0.258248009,0.69738339,0.044368601,0.149656687,0.790711928,0.059631386,,,,,,,,,,,,,,,,,,
9,2017,DIST. OF COL.,245,64,173,8,570789,80393,463112,27285,0.26122449,0.706122449,0.032653061,0.140845391,0.811354108,0.047802253,,,,,,,,,,,,,,,,,,
10,2017,FLORIDA,12355,8482,3625,247,16976405,11395537,5326203,253500,0.686523675,0.29340348,0.019991906,0.671257372,0.313741514,0.01493249,,,,,,,,,,,,,,,,,,
11,2017,GEORGIA,14863,6545,7781,537,9485343,4464000,4763439,257903,0.440355245,0.523514768,0.036129987,0.47062083,0.502189431,0.027189634,,,,,,,,,,,,,,,,,,
12,2017,HAWAII,1135,428,642,65,1320446,356706,944069,19671,0.377092511,0.565638767,0.057268722,0.270140543,0.714962217,0.014897239,,,,,,,,,,,,,,,,,,
13,2017,IDAHO,4492,1270,2880,341,1748545,457776,1206246,84455,0.282724844,0.641139804,0.075912734,0.261803957,0.689856995,0.048300158,,,,,,,,,,,,,,,,,,
14,2017,ILLINOIS,26775,13536,11015,2224,13091565,5010213,6725114,1356238,0.505546218,0.411391223,0.083062558,0.382705429,0.513698248,0.103596323,,,,,,,,,,,,,,,,,,
15,2017,INDIANA,19291,7948,9972,1368,8119288,3711966,3968447,437194,0.412005598,0.516924991,0.070913898,0.457178758,0.488767857,0.053846347,,,,,,,,,,,,,,,,,,
16,2017,IOWA,24215,9096,10304,4805,8277421,3678671,3709516,888439,0.375634937,0.425521371,0.198430725,0.444422363,0.448148765,0.107332827,,,,,,,,,,,,,,,,,,
17,2017,KANSAS,25001,13687,9885,1429,8280831,5417909,2604259,258663,0.547458102,0.395384185,0.057157714,0.654271172,0.314492471,0.031236358,,,,,,,,,,,,,,,,,,
18,2017,KENTUCKY,14280,5361,7903,1014,6083768,2327849,3447374,307687,0.375420168,0.553431373,0.071008403,0.38263277,0.566651128,0.050575071,,,,,,,,,,,,,,,,,,
19,2017,LOUISIANA,12910,6558,4699,1649,16413320,7659900,7422691,1330125,0.507978311,0.36398141,0.127730442,0.466688031,0.452235806,0.081039363,,,,,,,,,,,,,,,,,,
20,2017,MAINE,2458,776,1359,323,1220750,470792,653992,95966,0.315703824,0.552888527,0.131407648,0.385657997,0.535729674,0.078612328,,,,,,,,,,,,,,,,,,
21,2017,MARYLAND,5335,1772,3275,288,5160901,1509101,3476784,175016,0.332146204,0.613870665,0.05398313,0.292410376,0.673677716,0.033911908,,,,,,,,,,,,,,,,,,
22,2017,MASSACHUSETTS,5192,1400,3316,473,4078753,891298,2596750,590249,0.269645609,0.638674884,0.091101695,0.218522181,0.636652918,0.144713102,,,,,,,,,,,,,,,,,,
23,2017,MICHIGAN,11180,4605,5424,1146,6374178,2351097,3474397,547983,0.411896243,0.485152057,0.102504472,0.368847089,0.545073733,0.085969203,,,,,,,,,,,,,,,,,,
24,2017,MINNESOTA,13329,8419,4204,706,6497340,3673454,2605244,218642,0.63163028,0.315402506,0.052967214,0.565378139,0.400970859,0.033651002,,,,,,,,,,,,,,,,,,
25,2017,MISSISSIPPI,17072,10987,4635,1432,9382208,6130251,2862816,387639,0.643568416,0.271497188,0.083880037,0.653391078,0.305132438,0.041316394,,,,,,,,,,,,,,,,,,
26,2017,MISSOURI,24487,10812,11595,2080,10401265,4378951,5139636,882677,0.441540409,0.47351656,0.084943031,0.421001772,0.494135665,0.084862466,,,,,,,,,,,,,,,,,,
27,2017,MONTANA,5302,1694,3181,427,2013880,496791,1347964,169124,0.319502075,0.599962278,0.080535647,0.246683516,0.669336803,0.083979184,,,,,,,,,,,,,,,,,,
28,2017,NEBRASKA,15330,7885,6006,1435,4007227,2304989,1476011,225642,0.514350946,0.391780822,0.093607306,0.575207993,0.368337257,0.056308764,,,,,,,,,,,,,,,,,,
29,2017,NEVADA,1944,958,960,26,1609549,745281,851284,12984,0.492798354,0.49382716,0.013374486,0.463037161,0.528895983,0.008066856,,,,,,,,,,,,,,,,,,
30,2017,NEW HAMPSHIRE,2479,1326,930,223,1122819,636613,394944,91262,0.534893102,0.375151271,0.089955627,0.566977402,0.351743246,0.081279351,,,,,,,,,,,,,,,,,,
31,2017,NEW JERSEY,6737,1851,4330,556,6921627,1665266,4727915,528446,0.274751373,0.642719311,0.082529316,0.24058881,0.683064112,0.076347079,,,,,,,,,,,,,,,,,,
32,2017,NEW MEXICO,3999,1541,2215,243,1696984,629095,971217,96672,0.385346337,0.553888472,0.060765191,0.370713572,0.57231948,0.056966948,,,,,,,,,,,,,,,,,,
33,2017,NEW YORK,17456,6360,9313,1771,12870778,3434021,8056464,1369029,0.364344638,0.533512832,0.101455087,0.26680757,0.62595004,0.10636723,,,,,,,,,,,,,,,,,,
34,2017,NORTH CAROLINA,18183,7466,8907,1803,9273649,3879012,4507066,883441,0.410603311,0.48985316,0.099158555,0.418283245,0.486007827,0.09526358,,,,,,,,,,,,,,,,,,
35,2017,NORTH DAKOTA,4377,2343,1546,488,1228730,704274,459123,65333,0.535298149,0.353209961,0.111491889,0.5731723,0.37365654,0.05317116,,,,,,,,,,,,,,,,,,
36,2017,OHIO,27345,15858,9888,1598,13391034,7733118,5162174,495610,0.579923204,0.361601755,0.058438471,0.577484756,0.385494802,0.037010585,,,,,,,,,,,,,,,,,,
37,2017,OKLAHOMA,23071,10438,9947,2684,8382718,4041989,3743144,597121,0.452429457,0.431147328,0.116336526,0.482181197,0.446531065,0.071232385,,,,,,,,,,,,,,,,,,
38,2017,OREGON,8147,2955,4778,414,5030363,1112932,3738465,178967,0.3627102,0.586473549,0.050816251,0.22124288,0.743179965,0.035577353,,,,,,,,,,,,,,,,,,
39,2017,PENNSYLVANIA,22779,6760,11871,4147,12403798,3520514,7654383,1228374,0.296764564,0.52113789,0.182053646,0.283825486,0.61709994,0.099032087,,,,,,,,,,,,,,,,,,
40,2017,RHODE ISLAND,778,131,466,181,799588,130368,484090,185131,0.168380463,0.598971722,0.232647815,0.163043968,0.605424294,0.231532989,,,,,,,,,,,,,,,,,,
41,2017,SOUTH CAROLINA,9341,4265,4295,781,6796044,3147523,3219195,429326,0.45658923,0.459800878,0.083609892,0.463140468,0.473686604,0.063172928,,,,,,,,,,,,,,,,,,
42,2017,SOUTH DAKOTA,5818,1888,2927,1003,1665379,413323,1105011,147045,0.324510141,0.503093847,0.172396012,0.248185548,0.663519235,0.088295217,,,,,,,,,,,,,,,,,,
43,2017,TENNESSEE,20169,9714,9564,889,9731932,4148857,5103802,479052,0.481630225,0.474193069,0.044077545,0.426313809,0.524438724,0.049224758,,,,,,,,,,,,,,,,,,
44,2017,TEXAS,53869,28219,25017,632,47928260,24928415,22548318,451467,0.523844883,0.464404388,0.011732165,0.520119341,0.470459766,0.009419641,,,,,,,,,,,,,,,,,,
45,2017,UTAH,3051,1722,1248,81,1871580,1005503,845073,21003,0.564405113,0.409046214,0.026548673,0.537248207,0.451529189,0.011222069,,,,,,,,,,,,,,,,,,
46,2017,VERMONT,2772,1476,1219,77,854371,420104,401389,32878,0.532467532,0.43975469,0.027777778,0.491711446,0.469806442,0.038482111,,,,,,,,,,,,,,,,,,
47,2017,VIRGINIA,13932,4831,8328,773,9679909,3406117,5830335,443457,0.34675567,0.597760551,0.055483778,0.351874899,0.602312997,0.045812104,,,,,,,,,,,,,,,,,,
48,2017,WASHINGTON,8233,4339,3528,366,7149525,2766771,3884539,498216,0.527025386,0.428519373,0.044455241,0.386986688,0.543328263,0.069685189,,,,,,,,,,,,,,,,,,
49,2017,WEST VIRGINIA,7228,2232,3645,1351,3734304,822503,2400992,510809,0.308799115,0.504288877,0.186912009,0.220256037,0.642955689,0.136788274,,,,,,,,,,,,,,,,,,
50,2017,WISCONSIN,14253,7364,5777,1112,6759890,3559295,2905965,294630,0.516663159,0.405318179,0.078018663,0.526531497,0.429883474,0.043585029,,,,,,,,,,,,,,,,,,
51,2017,WYOMING,3127,814,2022,291,1281937,199335,934412,148190,0.260313399,0.646626159,0.093060441,0.155495161,0.728906335,0.115598504,,,,,,,,,,,,,,,,,,
52,2017,PUERTO RICO,2325,446,1608,271,2164787,458254,1501706,204827,0.191827957,0.691612903,0.11655914,0.211685491,0.693696886,0.094617623,,,,,,,,,,,,,,,,,,
53,2017,TOTALS,615002,288030,279270,47619,374362285,172484743,180767814,21084089,0.46833994,0.454096084,0.077429016,0.460742842,0.482868658,0.056320014,,,,,,,,,,,,,,,,,,
1,2018,ALABAMA,16130,6838,8603,689,9760735,3661978,5851785,246971,0.423930564,0.533353999,0.042715437,0.375174411,0.599522987,0.0253025,1998282,1725296,251583,21191,212,0.863389652,0.125899648,0.010604609,0.000106091,8345.55725,42.07674,6691.66651,1211.777,220.39271,0.504181312,80.18238099,14.52002501,2.640838753
2,2018,ALASKA,1592,711,725,155,743788,298515,385915,59158,0.44660804,0.45540201,0.097361809,0.4013442,0.518850802,0.079536104,1098774,353522,511542,188371,45339,0.321742233,0.465557066,0.171437438,0.041263263,2436.94823,404.07334,900.09878,500.26404,436.10563,16.58112122,36.93549042,20.52829986,17.89556399
3,2018,ARIZONA,8294,5068,3076,150,5846176,3169212,2581507,95457,0.611044128,0.370870509,0.018085363,0.542099998,0.441571892,0.016328109,1750631,1554508,164065,28904,3154,0.887970109,0.093717637,0.016510618,0.001801636,4668.3958,293.60551,2779.42131,1047.86457,289.53975,6.289216309,59.53696792,22.44592393,6.20212515
4,2018,ARKANSAS,12892,6816,5488,588,6708589,3475609,2919170,313811,0.528699969,0.425690351,0.04560968,0.51808346,0.435139192,0.046777497,376491,366899,9322,269,1,0.974522631,0.02476022,0.000714493,2.66E-06,6472.53981,43.91334,3670.73899,1787.29381,502.15671,0.678456082,56.71249769,27.61348501,7.758263753
5,2018,CALIFORNIA,25737,14779,9146,1812,30067631,17623112,10442456,2002063,0.574231651,0.355363873,0.070404476,0.586115747,0.347298928,0.066585326,16724871,15872091,309136,321655,221989,0.949011266,0.01848361,0.019232136,0.013272987,20302.04369,112.00273,7727.29092,5296.9707,5005.21738,0.551682046,38.06164068,26.09082505,24.65376125
6,2018,COLORADO,8786,3694,4618,473,5024622,2359789,2457413,207344,0.420441612,0.525608923,0.053835648,0.46964508,0.489074203,0.041265592,8393243,7399138,513824,463503,16778,0.881558892,0.061218768,0.05522335,0.001998989,8416.97253,292.14165,3966.38527,2596.11607,937.00781,3.470863769,47.12365706,30.84382254,11.13236151
7,2018,CONNECTICUT,4270,1238,2724,308,3414833,600502,2406635,407696,0.289929742,0.63793911,0.072131148,0.175851059,0.704759208,0.119389733,847174,798660,26306,21969,239,0.942734314,0.031051472,0.025932099,0.000282114,1677.32807,0.27172,776.03407,520.82493,234.8263,0.016199574,46.26608735,31.0508683,14.00002207
8,2018,DELAWARE,863,195,634,34,1000357,141858,800016,58483,0.225955968,0.734646582,0.039397451,0.141807375,0.799730496,0.058462129,0,0,0,0,0,0,0,0,0,500.87859,3.55687,314.43428,122.10804,39.56467,0.71012618,62.77654631,24.37877011,7.89905394
9,2018,DIST. OF COL.,244,62,174,8,569296,75891,470820,22586,0.254098361,0.713114754,0.032786885,0.133306751,0.827021444,0.039673562,2080205,1881520,188719,8879,1087,0.904487779,0.090721347,0.004268329,0.000522545,133.861,0.125,3.406,18.832,111.365,0.093380447,2.544430417,14.06832461,83.19450774
10,2018,FLORIDA,12435,8389,3717,328,17516213,11658699,5575956,280394,0.674628066,0.298914355,0.026377161,0.665594726,0.318331137,0.016007684,2877174,2872013,4442,596,123,0.998206226,0.001543876,0.000207148,4.28E-05,11021.73667,17.56798,8531.2851,1872.60256,320.18109,0.159393937,77.40418189,16.99008619,2.904996731
11,2018,GEORGIA,14879,6303,8082,494,10082064,4640184,5205927,235953,0.423617179,0.543181665,0.033201156,0.460241474,0.516355282,0.023403244,353991,338613,12364,2997,17,0.956558218,0.034927442,0.008466317,4.80E-05,12190.23568,1650.0442,8143.70733,1841.1304,284.34236,13.53578588,66.80516722,15.10332079,2.332541941
12,2018,HAWAII,1137,355,704,78,1324180,326663,968926,28592,0.312225154,0.619173263,0.068601583,0.246690782,0.731717742,0.021592231,2850196,2477234,144961,227997,4,0.869145139,0.050860011,0.079993446,1.40E-06,691.67,1.42,195.169,226.359,167.598,0.205300215,28.21706883,32.72644469,24.23091937
13,2018,IDAHO,4482,1259,2907,315,1756871,442282,1229647,84873,0.280901383,0.648594378,0.070281124,0.251744152,0.699907392,0.048309181,377722,205950,50612,108733,12427,0.545242268,0.133992725,0.28786515,0.032899858,3967.99987,340.78243,2654.56765,723.41148,111.87102,8.588267166,66.89938853,18.23113669,2.819330233
14,2018,ILLINOIS,26809,13438,11098,2273,13524885,5027056,6999849,1497979,0.50124958,0.413965459,0.08478496,0.371689371,0.51755331,0.110757245,716184,580246,135014,924,0,0.810191236,0.188518593,0.001290171,0,12318.03017,25.42,6742.78994,3555.59328,1130.71753,0.206364164,54.73919001,28.86495025,9.179369708
15,2018,INDIANA,19280,7959,10114,1203,8197646,3735606,4134643,325675,0.412811203,0.524585062,0.062396266,0.455692524,0.504369547,0.039727868,845234,756899,56743,28362,3230,0.89549048,0.067132889,0.033555205,0.003821427,7427.28897,699.9549,4483.88898,1529.86011,397.29234,9.424096771,60.37046624,20.59782669,5.349089575
16,2018,IOWA,24123,9180,10263,4675,8806907,4044915,3872593,888963,0.380549683,0.425444596,0.19379845,0.459288942,0.439722254,0.100939297,11754,10999,535,220,0,0.935766548,0.04551642,0.018717032,0,5125.28376,95.36876,2952.502,1307.477,470.995,1.860750828,57.60660557,25.51033389,9.189637531
17,2018,KANSAS,24906,13594,10024,1288,8680998,5693563,2743165,244271,0.545812254,0.4024733,0.051714446,0.655865028,0.315996502,0.028138585,0,0,0,0,0,0,0,0,0,8673.25457,36.70533,7011.34885,1275.14805,177.65511,0.423201345,80.83873007,14.70207106,2.048309646
18,2018,KENTUCKY,14368,5239,8111,1016,6509802,2480985,3717280,310678,0.364629733,0.564518374,0.070712695,0.381115278,0.57102812,0.047724647,1830111,1632734,172369,24583,425,0.892150258,0.094184998,0.013432519,0.000232226,5605.21103,64.99903,3847.00026,1290.76068,207.06101,1.159617892,68.63256779,23.02786948,3.694080542
19,2018,LOUISIANA,12899,6484,4733,1678,16587147,7752468,7449875,1384201,0.502674626,0.366927669,0.130087604,0.467378025,0.449135406,0.083450216,867135,695170,154903,15968,1094,0.801686012,0.178637698,0.018414664,0.001261626,5037.27786,161.20704,2271.19515,1481.47304,692.43044,3.200280876,45.08774805,29.410191,13.74612359
20,2018,MAINE,2473,786,1362,325,1264519,451266,708474,104779,0.317832592,0.550748079,0.131419329,0.35686771,0.560271534,0.082860756,0,0,0,0,0,0,0,0,0,2253.808,5.461,1365.097,498.7,254.67,0.24230103,60.56846901,22.12699573,11.29954282
21,2018,MARYLAND,5357,1757,3326,274,5426511,1602956,3648777,174778,0.32798208,0.62086989,0.051148031,0.295393486,0.672398342,0.032208172,9210642,8534504,629737,36737,9664,0.926591653,0.068370587,0.003988538,0.001049221,2920.05176,26.80334,1871.65831,544.90628,345.37242,0.917906332,64.09675115,18.66084319,11.82761295
22,2018,MASSACHUSETTS,5215,1370,3364,481,4119863,869419,2766279,484164,0.262703739,0.64506232,0.092233941,0.211031046,0.671449269,0.117519442,21869922,20794668,789875,250255,35124,0.950834118,0.036116956,0.011442885,0.001606041,3292.65681,30.89643,1284.03238,744.62215,899.95182,0.938343465,38.99684826,22.61462986,27.33208688
23,2018,MICHIGAN,11228,4479,5548,1196,6445678,2281475,3564054,599552,0.398913431,0.494121838,0.106519416,0.353954231,0.552937022,0.093016126,3821360,3351279,303290,28488,138303,0.876985942,0.079367032,0.007454938,0.036192089,11322.30921,62.13961,7180.33345,2405.39142,1104.13088,0.548824527,63.41757072,21.24470702,9.75181705
24,2018,MINNESOTA,13358,8259,4431,668,7132639,3859452,3022860,250327,0.61828118,0.331711334,0.050007486,0.541097341,0.423806672,0.035095986,1618213,1558245,56271,3552,145,0.962941838,0.034773543,0.002195014,8.96E-05,11692.47107,18.53516,7211.29516,2941.60217,894.65814,0.15852218,61.67468892,25.15808808,7.651574544
25,2018,MISSISSIPPI,17071,10711,4757,1603,9940070,6504401,3019248,416420,0.627438346,0.278659715,0.093901939,0.65436169,0.303745145,0.041893065,0,0,0,0,0,0,0,0,0,7416.30245,35.00645,4268.69052,1868.49773,711.67987,0.472020259,57.55820436,25.19446507,9.596154887
26,2018,MISSOURI,24512,10579,11817,2116,10701764,4325670,5466291,909803,0.43158453,0.482090405,0.086325065,0.404201588,0.51078411,0.085014302,487244,477394,7986,1860,4,0.979784256,0.016390145,0.003817389,8.21E-06,9769.67309,32.58728,5974.73704,2673.67343,550.9705,0.33355548,61.15595665,27.3670716,5.639600168
27,2018,MONTANA,5265,1605,3270,390,2084807,459891,1463582,161334,0.304843305,0.621082621,0.074074074,0.220591642,0.702022777,0.077385581,122998,41881,34368,41177,5572,0.340501472,0.279419178,0.334777801,0.04530155,7081.57227,11.89117,4850.72435,1595.85381,345.73368,0.167917089,68.49784434,22.53530359,4.882159877
28,2018,NEBRASKA,15349,7985,6003,1358,4340537,2586969,1528921,224124,0.520229331,0.391100397,0.088474819,0.596002061,0.352242361,0.051635086,48963,45393,1201,2369,0,0.927087801,0.024528726,0.048383473,0,7549.25896,350.18852,5479.01031,1033.80483,438.94634,4.638713837,72.57679646,13.6941233,5.8144295
29,2018,NEVADA,1979,978,974,27,1791492,838231,939426,13835,0.494188984,0.492167761,0.013643254,0.467895475,0.524381912,0.007722613,1445150,1322764,71870,50104,412,0.915312597,0.049731862,0.034670449,0.000285092,3291.20628,28.20394,2707.80882,426.50521,63.94607,0.856948413,82.27405363,12.9589328,1.942937165
30,2018,NEW HAMPSHIRE,2494,1323,947,224,1130225,631927,404980,93318,0.530473136,0.379711307,0.089815557,0.559116105,0.358318034,0.082565861,0,0,0,0,0,0,0,0,0,1482.88402,3.77772,1043.83596,195.63154,183.21678,0.25475492,70.39228597,13.1926393,12.35543559
31,2018,NEW JERSEY,6746,1819,4383,544,7002430,1654510,4852975,494945,0.269641269,0.649718352,0.080640379,0.23627655,0.693041558,0.070681892,8281076,7926636,226542,112668,15230,0.957198799,0.02735659,0.013605478,0.001839133,3163.66836,3.01805,1383.6976,681.6899,826.27933,0.095397167,43.73712547,21.54745133,26.11776065
32,2018,NEW MEXICO,4010,1519,2259,232,2080960,750052,1230457,100451,0.378802993,0.563341646,0.057855362,0.360435568,0.591292961,0.048271471,65551,4332,50400,10819,0,0.066085948,0.768866989,0.165047063,0,5932.72365,41.05922,3272.60936,1361.96361,839.98365,0.692080441,55.16200573,22.95680181,14.15848267
33,2018,NEW YORK,17521,6400,9364,1757,13089606,3596940,8164313,1328353,0.365275955,0.534444381,0.100279664,0.274793603,0.623724885,0.101481511,12394947,10606121,1424072,284410,80344,0.855681029,0.114891334,0.022945641,0.006481996,10837.4077,272.66056,5057.83778,2938.37955,1824.4877,2.515920482,46.67018091,27.11330635,16.83509332
34,2018,NORTH CAROLINA,18377,7186,9313,1871,9994006,4051533,5028174,910169,0.391032269,0.506774773,0.101812048,0.405396295,0.50311897,0.091071488,2690832,2571323,82769,36439,301,0.955586599,0.030759631,0.013541908,0.000111861,8418.02759,86.49092,5162.87684,2118.49599,594.45486,1.027448759,61.33119409,25.16618017,7.061688188
35,2018,NORTH DAKOTA,4355,2341,1545,469,1320937,770811,482267,67859,0.537543054,0.354764638,0.107692308,0.583533507,0.365094626,0.051371867,0,0,0,0,0,0,0,0,0,6252.4803,5.82633,4875.11712,1018.31568,208.95725,0.0931843,77.97093131,16.28658758,3.341989738
36,2018,OHIO,27277,15974,9785,1518,13956582,8043801,5430710,482071,0.585621586,0.358727133,0.055651281,0.576344624,0.389114613,0.034540764,360592,341287,13166,6011,128,0.946463039,0.03651218,0.01666981,0.000354972,9128.45516,28.15468,5837.90755,1913.04572,899.7866,0.308427653,63.95285344,20.9569493,9.85694276
37,2018,OKLAHOMA,23116,10304,10268,2540,8738610,4203648,3991370,542486,0.44575186,0.444194497,0.109880602,0.481043095,0.456751131,0.062079209,0,0,0,0,0,0,0,0,0,4631.04522,747.98768,2415.25831,947.77701,305.59984,16.15159525,52.15363261,20.46572566,6.598938803
38,2018,OREGON,8161,2881,4858,422,5060329,1043269,3829407,187653,0.353020463,0.595270187,0.051709349,0.206166239,0.756750599,0.037083162,1271341,994713,242564,34028,36,0.782412429,0.190793815,0.026765439,2.83E-05,6506.14921,12.81655,4116.36635,1883.5557,282.76816,0.196991332,63.26885869,28.95039199,4.346167769
39,2018,PENNSYLVANIA,22737,6985,11979,3770,13945241,3817119,8956109,1170852,0.307208515,0.526850508,0.165809034,0.273721982,0.642234078,0.083960686,10964400,10370833,441233,150052,2282,0.94586416,0.04024233,0.013685382,0.000208128,11623.71675,18.5577,5613.46752,3688.69516,1446.4495,0.159653753,48.29322359,31.7342141,12.44395
40,2018,RHODE ISLAND,780,134,466,180,793527,109894,493870,189763,0.171794872,0.597435897,0.230769231,0.138488041,0.622373278,0.239138681,243146,162272,1572,1608,77694,0.667385028,0.006465251,0.006613311,0.31953641,624.53844,20.75057,149.66,139.76222,237.70636,3.322544886,23.9632968,22.37848162,38.06112559
41,2018,SOUTH CAROLINA,9401,4225,4381,795,6985851,3191638,3339881,454332,0.449420274,0.466014254,0.084565472,0.456871754,0.478092218,0.065036028,0,0,0,0,0,0,0,0,0,6591.5068,17.88049,3704.17785,2098.31313,362.066,0.271265593,56.19622284,31.83358819,5.492917037
42,2018,SOUTH DAKOTA,5824,1906,2945,973,1803770,517279,1142586,143905,0.327266484,0.505666209,0.167067308,0.286776585,0.633443288,0.079780127,28054,24830,881,14,2329,0.885078777,0.031403721,0.000499038,0.083018464,6626.03358,50.11042,4001.51957,1844.24999,369.17445,0.756265712,60.39087369,27.83339335,5.571575295
43,2018,TENNESSEE,20177,9221,10084,871,10275911,4306805,5561752,407294,0.457005501,0.499776974,0.043167964,0.419116612,0.541241745,0.039635805,1545660,1418081,46920,73286,7373,0.917459855,0.030355964,0.04741405,0.004770131,5146.65293,203.50228,3736.22941,786.09464,256.1366,3.954070398,72.59532478,15.27390035,4.976760693
44,2018,TEXAS,54131,28020,25411,695,50368715,26200337,23665660,502093,0.517633149,0.469435259,0.012839223,0.520170844,0.469848397,0.00996835,704271,677869,19936,6459,7,0.96251159,0.028307285,0.009171186,9.94E-06,20235.09604,261.93392,11651.48818,5069.13916,2123.2226,1.294453555,57.58059244,25.05122363,10.49277254
45,2018,UTAH,3061,1659,1336,66,1948005,1013841,919942,14222,0.541979745,0.436458674,0.021561581,0.520450923,0.472248275,0.007300803,546422,295458,190848,60107,9,0.540713954,0.349268514,0.110001061,1.65E-05,4128.19285,12.70427,2542.94788,1150.0062,204.26975,0.307744102,61.59954179,27.8573759,4.948163941
46,2018,VERMONT,2778,1473,1239,66,884043,451405,404534,28104,0.530237581,0.44600432,0.023758099,0.510614303,0.457595388,0.031790309,0,0,0,0,0,0,0,0,0,1530.25338,9.03369,1023.10478,327.87622,97.33748,0.59033949,66.85852117,21.42626994,6.360873387
47,2018,VIRGINIA,13931,4786,8499,646,10125635,3560099,6146720,418815,0.343550355,0.610078243,0.046371402,0.351592666,0.607045385,0.04136185,15650338,15011859,457348,169969,11162,0.959203501,0.029222883,0.010860404,0.000713211,8126.95012,38.55602,4610.93642,2675.59929,380.92071,0.474421763,56.73636914,32.9225509,4.687129912
48,2018,WASHINGTON,8278,4317,3579,382,7224042,2790592,3893877,539572,0.521502778,0.432350809,0.046146412,0.386292328,0.539016384,0.074691149,9133405,9045155,54566,30920,2764,0.990337667,0.005974333,0.003385375,0.000302625,6588.83109,32.62911,3219.97277,1842.48359,1006.87382,0.495218493,48.8701672,27.96373992,15.28152424
49,2018,WEST VIRGINIA,7269,1978,3844,1444,3811742,743138,2535381,532829,0.272114459,0.528821021,0.198651809,0.194960205,0.665150212,0.139786218,2874651,2707789,116889,14347,35626,0.941953997,0.040661979,0.004990867,0.012393157,3335.09961,30.40148,1700.45427,1105.57443,275.97335,0.911561379,50.98661116,33.14966745,8.274815816
50,2018,WISCONSIN,14275,7383,5838,1054,7006791,3677689,3034479,294623,0.517197898,0.408966725,0.073835377,0.524874939,0.433076854,0.042048207,0,0,0,0,0,0,0,0,0,10873.22564,25.822,5493.0889,2812.223,1638.99128,0.237482426,50.51940502,25.86374176,15.07364359
51,2018,WYOMING,3129,926,1946,257,1339545,317802,900448,121296,0.295941195,0.621923937,0.082134867,0.237246229,0.672204368,0.090550149,721597,670708,37035,12393,1461,0.929477257,0.051323661,0.017174406,0.002024676,1696.02979,33.122,763.167,251.19324,536.95315,1.952913811,44.99726387,14.81066202,31.65941737
53,2018,PUERTO RICO,2325,444,1608,273,2180690,459866,1525035,195789,0.190967742,0.691612903,0.117419355,0.21088096,0.69933599,0.08978305,1210235,1197586,8698,3951,0,0.989548311,0.007187034,0.003264655,0,,,,,,,,,
